-- phpMyAdmin SQL Dump
-- version 4.8.5
-- https://www.phpmyadmin.net/
--
-- Servidor: localhost
-- Tiempo de generación: 29-05-2020 a las 04:33:04
-- Versión del servidor: 5.7.29-0ubuntu0.18.04.1
-- Versión de PHP: 7.1.29-1+ubuntu18.04.1+deb.sury.org+1

SET SQL_MODE = "NO_AUTO_VALUE_ON_ZERO";
SET AUTOCOMMIT = 0;
START TRANSACTION;
SET time_zone = "+00:00";


/*!40101 SET @OLD_CHARACTER_SET_CLIENT=@@CHARACTER_SET_CLIENT */;
/*!40101 SET @OLD_CHARACTER_SET_RESULTS=@@CHARACTER_SET_RESULTS */;
/*!40101 SET @OLD_COLLATION_CONNECTION=@@COLLATION_CONNECTION */;
/*!40101 SET NAMES utf8mb4 */;

--
-- Base de datos: `tecnotalentos`
--
CREATE DATABASE IF NOT EXISTS `tecnotalentos` DEFAULT CHARACTER SET latin1 COLLATE latin1_swedish_ci;
USE `tecnotalentos`;

-- --------------------------------------------------------

--
-- Estructura de tabla para la tabla `c_usuarios`
--

CREATE TABLE `c_usuarios` (
  `id` tinyint(3) UNSIGNED NOT NULL,
  `nombre` varchar(50) NOT NULL,
  `apellido` varchar(55) DEFAULT NULL,
  `correo` varchar(55) DEFAULT NULL,
  `rol` varchar(55) DEFAULT NULL,
  `contrasena` varchar(50) NOT NULL,
  `telefono` varchar(55) DEFAULT NULL,
  `foto` varchar(100) DEFAULT ''
) ENGINE=InnoDB DEFAULT CHARSET=latin1;

--
-- Volcado de datos para la tabla `c_usuarios`
--

INSERT INTO `c_usuarios` (`id`, `nombre`, `apellido`, `correo`, `rol`, `contrasena`, `telefono`, `foto`) VALUES
(1, 'Reclutamiento polar', '', 'admin@admin.com', 'recluta', 'd033e22ae348aeb5660fc2140aec35850c4da997', '04145555555s', 'uploads/1584823820_Captura_de_pantalla_de_2020-03-19_23-30-56.png'),
(2, 'ysanchez', 'ysanchez', 'ysanchez@admin.com', 'Administrador', 'd033e22ae348aeb5660fc2140aec35850c4da997', '111', ''),
(3, 'ysrrael', 'sanchez', 'ysrr27@gmail.com', 'Administrador', '28e0aedf6c3f49bac1fae1c7d4c4021915aaea04', '123123', 'assets/img/img.jpg'),
(5, 'RRHH TECNO', 'mania', 'perross@admin.com', 'recluta', 'd033e22ae348aeb5660fc2140aec35850c4da997', NULL, ''),
(6, 'admin', NULL, 'perrosssss@admin.com', 'recluta', 'd033e22ae348aeb5660fc2140aec35850c4da997', NULL, ''),
(7, 'admin', NULL, 'adssssmin@admin.com', 'recluta', 'd033e22ae348aeb5660fc2140aec35850c4da997', NULL, ''),
(8, 'admin', NULL, 'admissssn@admin.com', 'recluta', 'd033e22ae348aeb5660fc2140aec35850c4da997', NULL, ''),
(9, 'asdasd', NULL, 'adminsssss@admin.com', 'recluta', 'd033e22ae348aeb5660fc2140aec35850c4da997', NULL, ''),
(10, 'asdasd', NULL, 'adsswwwmin@admin.com', 'recluta', 'd033e22ae348aeb5660fc2140aec35850c4da997', NULL, ''),
(11, 'ysrrael', NULL, 'admissyyyssn@admin.com', 'recluta', 'd033e22ae348aeb5660fc2140aec35850c4da997', NULL, ''),
(12, 'san', NULL, 'san@san.com', 'candidato', 'd033e22ae348aeb5660fc2140aec35850c4da997', NULL, ''),
(13, 'ysrrael', NULL, 'j@j.com', 'recluta', 'd033e22ae348aeb5660fc2140aec35850c4da997', NULL, ''),
(14, 'admin', NULL, 'ps@ps.com', 'candidato', 'd033e22ae348aeb5660fc2140aec35850c4da997', NULL, ''),
(15, 'sads', NULL, 'admin@sssss.com', 'candidato', 'd033e22ae348aeb5660fc2140aec35850c4da997', NULL, '');

-- --------------------------------------------------------

--
-- Estructura de tabla para la tabla `mrw_candidatos`
--

CREATE TABLE `mrw_candidatos` (
  `idcandidatos` int(100) NOT NULL,
  `respuestas` text,
  `fecha` varchar(100) DEFAULT NULL
) ENGINE=InnoDB DEFAULT CHARSET=latin1;

--
-- Volcado de datos para la tabla `mrw_candidatos`
--

INSERT INTO `mrw_candidatos` (`idcandidatos`, `respuestas`, `fecha`) VALUES
(4, '{\"Correo\":\"ysrr27@hotmail.com\",\"Nombre\":\"asdasd\",\"Apellido\":\"asd\",\"Tel\\u00e9fono\":\"asdasds\",\"Fecha_de_nacimiento\":\"aadsdas\",\"Blog_\\/_canal_de_Youtube_u_otro_perfil_donde_transmitas_tus_conocimientos\":\"asda\",\"Perfil_de_Facebook_(indica_la_url_completa)\":\"sdasd\",\"Perfil_de_Twitter_(indica_la_url_completa)\":\"asdasd\",\"Perfil_de_Instagram_(indica_la_url_completa)\":\"asd\",\"Perfil_de_Linkedin_(indica_la_url_completa)\":\"asdas\",\"Ciudad_de_Nacimiento\":\"adas\",\"Pa\\u00eds_de_Nacimiento_\":\"dasdas\",\"Ciudad_de_Residencia\":\"dsad\",\"Pa\\u00eds_de_Residencia_\":\"asdas\",\"Predisposici\\u00f3n_para_trabajar_en_otro_paises\":\"Am\\u00e9rica Del Norte\",\"Ciudades_y_Pa\\u00edses_en_las_que_te_gustar\\u00eda_trabajar\":\"asdasd\",\"Cu\\u00e9ntanos,_en_breves_palabras,_lo_que_te_hace_un_gran_profesional_\":\"asdasd\",\"\\u00bfQu\\u00e9_buscas?_(puedes_seleccionar_varias)\":\"Pr\\u00e1cticas en Marketing Hotelero\",\"A\\u00f1os_de_experiencia_totales_Mercado_1:_Indica_los_pa\\u00edses_y_ciudades_de_los_hoteles_donde_has_gestionado_las_estrategias_de_Revenue_y_los_a\\u00f1os_de_experiencia_\":\"asdas\",\"A\\u00f1os_de_experiencia_totales_Mercado_2:_Indica_los_pa\\u00edses_y_ciudades_de_los_hoteles_donde_has_gestionado_las_estrategias_de_Revenue_y_los_a\\u00f1os_de_experiencia\":\"dasdasd\",\"A\\u00f1os_de_experiencia_totales_Mercado_3:_Indica_los_pa\\u00edses_y_ciudades_de_los_hoteles_donde_has_gestionado_las_estrategias_de_Revenue_y_los_a\\u00f1os_de_experiencia\":\"asd\",\"A\\u00f1os_de_experiencia_totales_Mercado_4:_Indica_los_pa\\u00edses_y_ciudades_de_los_hoteles_donde_has_gestionado_las_estrategias_de_Revenue_y_los_a\\u00f1os_de_experiencia\":\"asd\",\"Indica_tu_experiencia_en_el_segmento_Urbano\":\"asd\",\"Indica_tu_experiencia_en_el_segmento_Vacacional\":\"asd\",\"Indica_tu_experiencia_en_Otros_segmentos\":\"asd\",\"Indica_tu_experiencia_en_Rentals_\\/_Apartamentos_tur\\u00edsticos_\\/_Viviendas_de_uso_vacacional_\":\"as\",\"Cu\\u00e9ntanos_aquello_que_te_hace_grande_en_este_campo_\\u00bfalg\\u00fan_logro_que_quieras_destacar?\":\"dasd\",\"Indica_los_pa\\u00edses_donde_has_gestionado_las_estrategias_de_distribuci\\u00f3n_y_los_a\\u00f1os_de_experiencia\":\"asd\",\"Experiencia_en_distribuci\\u00f3n_Online_(nivel)\":\"1\",\"Si_lo_deseas_cu\\u00e9ntanos_m\\u00e1s_sobre_tu_experiencia_en_distribuci\\u00f3n_online\":\"asdsad\",\"Experiencia_en_distribuci\\u00f3n_Offline\":\"2\",\"Si_lo_deseas_cu\\u00e9ntanos_m\\u00e1s_sobre_tu_experiencia_en_distribuci\\u00f3n_offline\":\"asd\",\"\\u00bfHas_hecho_Revenue_para_otros_sectores?_(campos_de_golf,_restaurantes,_lineas_a\\u00e9reas,_spas,_salones___)_\\u00a1Cu\\u00e9ntanos_tu_experiencia!\":\"asdsad\",\"SEO_T\\u00e9cnico\":\"1\",\"SEO_Offpage_\":\"1\",\"SEM\":\"1\",\"RRSS\":\"1\",\"Email_Marketing\":\"1\",\"Redacci\\u00f3n_de_contenidos_(Blogging_y_copywriting)\":\"1\",\"Dise\\u00f1o_de_Im\\u00e1genes\":\"1\",\"Edici\\u00f3n_de_video\":\"1\",\"Embudos_de_Conversi\\u00f3n\":\"1\",\"Marketing_Tradicional_(relaci\\u00f3n_con_medios,_radio,_prensa,_carteler\\u00eda)\":\"1\",\"Planificaci\\u00f3n_de_estrategias_de_Marketing_Digital\":\"1\",\"Control_de_Gesti\\u00f3n_y_costes_Nivel\":\"1\",\"u\\u00e9ntanos_aquello_que_te_hace_grande_en_este_campo_\\u00bfalg\\u00fan_logro_que_quieras_destacar?\":\"asdasd\",\"\\u00bfHas_dado_conferencias_y\\/o_escrito_en_medios_profesionales_del_sector_Hotelero?_(en_caso_afirmativo_indica_todo_lo_que_pueda_ayudarnos_a_conocerte_mejor)_\":\"sadsa\",\"\\u00bfDonde_has_aprendido_Revenue_Management?_(en_caso_de_no_tener_formaci\\u00f3n_sobre_esta_materia_ind\\u00edcalo)\":\"asds\",\"\\u00bfDonde_has_aprendido_Marketing_Hotelero?_(en_caso_de_no_tener_formaci\\u00f3n_sobre_esta_materia_ind\\u00edcalo)\":\"adasdas\",\"\\u00bfDonde_has_aprendido_Control_de_gesti\\u00f3n?_(en_caso_de_no_tener_formaci\\u00f3n_sobre_esta_materia_ind\\u00edcalo)\":\"dasdsad\",\"Ingl\\u00e9s\":\"Soy capaz de mantener una conversaci\\u00f3n y comunicarme por email con mucha soltura y he vivido en un pa\\u00eds en el que se habla esta lengua durante m\\u00e1s de 5 meses (nivel 8-10 sobre 10)\",\"Franc\\u00e9s\":\"Soy capaz de mantener una conversaci\\u00f3n y comunicarme por email con mucha soltura y he vivido en un pa\\u00eds en el que se habla esta lengua durante m\\u00e1s de 5 meses (nivel 8-10 sobre 10)\",\"Alem\\u00e1n\":\"Soy capaz de mantener una conversaci\\u00f3n y comunicarme por email con mucha soltura y he vivido en un pa\\u00eds en el que se habla esta lengua durante m\\u00e1s de 5 meses (nivel 8-10 sobre 10)\",\"Indica_Conocimientos_en_otros_idiomas_(o_explicaciones_extra_sobre_los_anteriores_tales_como_titulaciones_etc___)\":\"asdsad\",\"Excel\":\"Tengo conocimientos intermedios (trabajar con f\\u00f3rmulas de c\\u00e1lculo)\",\"PMS_(Indica_qu\\u00e9_herramientas_de_este_tipo_conoces_y_tu_nivel_de_conocimiento_en_cada_una)_\":\"asd\",\"Channel_Manager_(Indica_qu\\u00e9_herramientas_de_este_tipo_conoces_y_tu_nivel_de_conocimiento_en_cada_una)\":\"asdasd\",\"RMS(Indica_qu\\u00e9_herramientas_de_este_tipo_conoces_y_tu_nivel_de_conocimiento_en_cada_una)\":\"asdsad\",\"Reviewer_(reputaci\\u00f3n_online)_(Indica_qu\\u00e9_herramientas_de_este_tipo_conoces_y_tu_nivel_de_conocimiento_en_cada_una)\":\"asd\",\"Shopper_(Indica_qu\\u00e9_herramientas_de_este_tipo_conoces_y_tu_nivel_de_conocimiento_en_cada_una)\":\"sadas\",\"Power_Bi_(Indica_tu_nivel_de_conocimiento)\":\"dasdas\",\"CRM(Indica_qu\\u00e9_herramientas_de_este_tipo_conoces_y_tu_nivel_de_conocimiento_en_cada_una)_\":\"asd\",\"GDS_(Indica_cu\\u00e1les_conoces_y_tu_nivel_de_conocimiento_en_cada_uno)\":\"asdsad\",\"Python,_R_u_otras_herramaientas_de_an\\u00e1lisis_de_datos\":\"asds\",\"Carnet_de_conducir\":\"Si\",\"Veh\\u00edculo_propio\":\"No\",\"Acepto_la_pol\\u00edtica_de_privacidad_\":\"Si\",\"0\":\"Si\"}', '28/08/2019'),
(5, '{\"Correo\":\"ysrr27@hotmail.com\",\"Nombre\":\"asdasd\",\"Apellido\":\"asd\",\"Tel\\u00e9fono\":\"asdasds\",\"Fecha_de_nacimiento\":\"aadsdas\",\"Blog_\\/_canal_de_Youtube_u_otro_perfil_donde_transmitas_tus_conocimientos\":\"asda\",\"Perfil_de_Facebook_(indica_la_url_completa)\":\"sdasd\",\"Perfil_de_Twitter_(indica_la_url_completa)\":\"asdasd\",\"Perfil_de_Instagram_(indica_la_url_completa)\":\"asd\",\"Perfil_de_Linkedin_(indica_la_url_completa)\":\"asdas\",\"Ciudad_de_Nacimiento\":\"adas\",\"Pa\\u00eds_de_Nacimiento_\":\"dasdas\",\"Ciudad_de_Residencia\":\"dsad\",\"Pa\\u00eds_de_Residencia_\":\"asdas\",\"Predisposici\\u00f3n_para_trabajar_en_otro_paises\":\"Am\\u00e9rica Del Norte\",\"Ciudades_y_Pa\\u00edses_en_las_que_te_gustar\\u00eda_trabajar\":\"asdasd\",\"Cu\\u00e9ntanos,_en_breves_palabras,_lo_que_te_hace_un_gran_profesional_\":\"asdasd\",\"\\u00bfQu\\u00e9_buscas?_(puedes_seleccionar_varias)\":\"Pr\\u00e1cticas en Marketing Hotelero\",\"A\\u00f1os_de_experiencia_totales_Mercado_1:_Indica_los_pa\\u00edses_y_ciudades_de_los_hoteles_donde_has_gestionado_las_estrategias_de_Revenue_y_los_a\\u00f1os_de_experiencia_\":\"asdas\",\"A\\u00f1os_de_experiencia_totales_Mercado_2:_Indica_los_pa\\u00edses_y_ciudades_de_los_hoteles_donde_has_gestionado_las_estrategias_de_Revenue_y_los_a\\u00f1os_de_experiencia\":\"dasdasd\",\"A\\u00f1os_de_experiencia_totales_Mercado_3:_Indica_los_pa\\u00edses_y_ciudades_de_los_hoteles_donde_has_gestionado_las_estrategias_de_Revenue_y_los_a\\u00f1os_de_experiencia\":\"asd\",\"A\\u00f1os_de_experiencia_totales_Mercado_4:_Indica_los_pa\\u00edses_y_ciudades_de_los_hoteles_donde_has_gestionado_las_estrategias_de_Revenue_y_los_a\\u00f1os_de_experiencia\":\"asd\",\"Indica_tu_experiencia_en_el_segmento_Urbano\":\"asd\",\"Indica_tu_experiencia_en_el_segmento_Vacacional\":\"asd\",\"Indica_tu_experiencia_en_Otros_segmentos\":\"asd\",\"Indica_tu_experiencia_en_Rentals_\\/_Apartamentos_tur\\u00edsticos_\\/_Viviendas_de_uso_vacacional_\":\"as\",\"Cu\\u00e9ntanos_aquello_que_te_hace_grande_en_este_campo_\\u00bfalg\\u00fan_logro_que_quieras_destacar?\":\"dasd\",\"Indica_los_pa\\u00edses_donde_has_gestionado_las_estrategias_de_distribuci\\u00f3n_y_los_a\\u00f1os_de_experiencia\":\"asd\",\"Experiencia_en_distribuci\\u00f3n_Online_(nivel)\":\"1\",\"Si_lo_deseas_cu\\u00e9ntanos_m\\u00e1s_sobre_tu_experiencia_en_distribuci\\u00f3n_online\":\"asdsad\",\"Experiencia_en_distribuci\\u00f3n_Offline\":\"2\",\"Si_lo_deseas_cu\\u00e9ntanos_m\\u00e1s_sobre_tu_experiencia_en_distribuci\\u00f3n_offline\":\"asd\",\"\\u00bfHas_hecho_Revenue_para_otros_sectores?_(campos_de_golf,_restaurantes,_lineas_a\\u00e9reas,_spas,_salones___)_\\u00a1Cu\\u00e9ntanos_tu_experiencia!\":\"asdsad\",\"SEO_T\\u00e9cnico\":\"1\",\"SEO_Offpage_\":\"1\",\"SEM\":\"1\",\"RRSS\":\"1\",\"Email_Marketing\":\"1\",\"Redacci\\u00f3n_de_contenidos_(Blogging_y_copywriting)\":\"1\",\"Dise\\u00f1o_de_Im\\u00e1genes\":\"1\",\"Edici\\u00f3n_de_video\":\"1\",\"Embudos_de_Conversi\\u00f3n\":\"1\",\"Marketing_Tradicional_(relaci\\u00f3n_con_medios,_radio,_prensa,_carteler\\u00eda)\":\"1\",\"Planificaci\\u00f3n_de_estrategias_de_Marketing_Digital\":\"1\",\"Control_de_Gesti\\u00f3n_y_costes_Nivel\":\"1\",\"u\\u00e9ntanos_aquello_que_te_hace_grande_en_este_campo_\\u00bfalg\\u00fan_logro_que_quieras_destacar?\":\"asdasd\",\"\\u00bfHas_dado_conferencias_y\\/o_escrito_en_medios_profesionales_del_sector_Hotelero?_(en_caso_afirmativo_indica_todo_lo_que_pueda_ayudarnos_a_conocerte_mejor)_\":\"sadsa\",\"\\u00bfDonde_has_aprendido_Revenue_Management?_(en_caso_de_no_tener_formaci\\u00f3n_sobre_esta_materia_ind\\u00edcalo)\":\"asds\",\"\\u00bfDonde_has_aprendido_Marketing_Hotelero?_(en_caso_de_no_tener_formaci\\u00f3n_sobre_esta_materia_ind\\u00edcalo)\":\"adasdas\",\"\\u00bfDonde_has_aprendido_Control_de_gesti\\u00f3n?_(en_caso_de_no_tener_formaci\\u00f3n_sobre_esta_materia_ind\\u00edcalo)\":\"dasdsad\",\"Ingl\\u00e9s\":\"Soy capaz de mantener una conversaci\\u00f3n y comunicarme por email con mucha soltura y he vivido en un pa\\u00eds en el que se habla esta lengua durante m\\u00e1s de 5 meses (nivel 8-10 sobre 10)\",\"Franc\\u00e9s\":\"Soy capaz de mantener una conversaci\\u00f3n y comunicarme por email con mucha soltura y he vivido en un pa\\u00eds en el que se habla esta lengua durante m\\u00e1s de 5 meses (nivel 8-10 sobre 10)\",\"Alem\\u00e1n\":\"Soy capaz de mantener una conversaci\\u00f3n y comunicarme por email con mucha soltura y he vivido en un pa\\u00eds en el que se habla esta lengua durante m\\u00e1s de 5 meses (nivel 8-10 sobre 10)\",\"Indica_Conocimientos_en_otros_idiomas_(o_explicaciones_extra_sobre_los_anteriores_tales_como_titulaciones_etc___)\":\"asdsad\",\"Excel\":\"Tengo conocimientos intermedios (trabajar con f\\u00f3rmulas de c\\u00e1lculo)\",\"PMS_(Indica_qu\\u00e9_herramientas_de_este_tipo_conoces_y_tu_nivel_de_conocimiento_en_cada_una)_\":\"asd\",\"Channel_Manager_(Indica_qu\\u00e9_herramientas_de_este_tipo_conoces_y_tu_nivel_de_conocimiento_en_cada_una)\":\"asdasd\",\"RMS(Indica_qu\\u00e9_herramientas_de_este_tipo_conoces_y_tu_nivel_de_conocimiento_en_cada_una)\":\"asdsad\",\"Reviewer_(reputaci\\u00f3n_online)_(Indica_qu\\u00e9_herramientas_de_este_tipo_conoces_y_tu_nivel_de_conocimiento_en_cada_una)\":\"asd\",\"Shopper_(Indica_qu\\u00e9_herramientas_de_este_tipo_conoces_y_tu_nivel_de_conocimiento_en_cada_una)\":\"sadas\",\"Power_Bi_(Indica_tu_nivel_de_conocimiento)\":\"dasdas\",\"CRM(Indica_qu\\u00e9_herramientas_de_este_tipo_conoces_y_tu_nivel_de_conocimiento_en_cada_una)_\":\"asd\",\"GDS_(Indica_cu\\u00e1les_conoces_y_tu_nivel_de_conocimiento_en_cada_uno)\":\"asdsad\",\"Python,_R_u_otras_herramaientas_de_an\\u00e1lisis_de_datos\":\"asds\",\"Carnet_de_conducir\":\"Si\",\"Veh\\u00edculo_propio\":\"No\",\"Acepto_la_pol\\u00edtica_de_privacidad_\":\"Si\",\"0\":\"Si\"}', '28/08/2019'),
(6, '{\"Correo\":\"asd\",\"Nombre_\":\"sad\",\"Apellido\":\"asd\",\"Tel\\u00e9fono\":\"asd\",\"Fecha_de_nacimiento\":\"09\\/11\\/2019\",\"Blog_\\/_canal_de_Youtube_u_otro_perfil_donde_transmitas_tus_conocimientos\":\"asd\",\"Perfil_de_Facebook_(indica_la_url_completa)\":\"sad\",\"Perfil_de_Instagram_(indica_la_url_completa)\":\"asd\",\"Perfil_de_Linkedin_(indica_la_url_completa)\":\"asd\",\"Perfil_de_Twitter_(indica_la_url_completa)\":\"asd\",\"Ciudad_de_Nacimiento\":\"asd\",\"Pa\\u00eds_de_Nacimiento_\":\"asd\",\"Pa\\u00eds_de_Residencia_\":\"asd\",\"Ciudad_de_Residencia\":\"asd\",\"Predisposici\\u00f3n_para_trabajar_en_otro_paises\":\"Solo por el pa\\u00eds en el que resido\",\"Ciudades_y_Pa\\u00edses_en_las_que_te_gustar\\u00eda_trabajar\":\"asd\",\"Cu\\u00e9ntanos,_en_breves_palabras,_lo_que_te_hace_un_gran_profesional_\":\"asd\",\"\\u00bfQu\\u00e9_buscas?_(puedes_seleccionar_varias)\":\"Pr\\u00e1cticas de Revenue Manager\",\"A\\u00f1os_de_experiencia_totales_Mercado_1:_Indica_los_pa\\u00edses_y_ciudades_de_los_hoteles_donde_has_gestionado_las_estrategias_de_Revenue_y_los_a\\u00f1os_de_experiencia_\":\"asd\",\"A\\u00f1os_de_experiencia_totales_Mercado_2:_Indica_los_pa\\u00edses_y_ciudades_de_los_hoteles_donde_has_gestionado_las_estrategias_de_Revenue_y_los_a\\u00f1os_de_experiencia\":\"asd\",\"A\\u00f1os_de_experiencia_totales_Mercado_3:_Indica_los_pa\\u00edses_y_ciudades_de_los_hoteles_donde_has_gestionado_las_estrategias_de_Revenue_y_los_a\\u00f1os_de_experiencia\":\"asd\",\"A\\u00f1os_de_experiencia_totales_Mercado_4:_Indica_los_pa\\u00edses_y_ciudades_de_los_hoteles_donde_has_gestionado_las_estrategias_de_Revenue_y_los_a\\u00f1os_de_experiencia\":\"asd\",\"Indica_tu_experiencia_en_el_segmento_Urbano\":\"asd\",\"Indica_tu_experiencia_en_el_segmento_Vacacional\":\"asd\",\"Indica_tu_experiencia_en_Otros_segmentos\":\"asd\",\"Indica_tu_experiencia_en_Rentals_\\/_Apartamentos_tur\\u00edsticos_\\/_Viviendas_de_uso_vacacional_\":\"sad\",\"Cu\\u00e9ntanos_aquello_que_te_hace_grande_en_este_campo_\\u00bfalg\\u00fan_logro_que_quieras_destacar?\":\"sad\",\"Indica_los_pa\\u00edses_donde_has_gestionado_las_estrategias_de_distribuci\\u00f3n_y_los_a\\u00f1os_de_experiencia\":\"asd\",\"Experiencia_en_distribuci\\u00f3n_Online_(nivel)\":\"1\",\"Si_lo_deseas_cu\\u00e9ntanos_m\\u00e1s_sobre_tu_experiencia_en_distribuci\\u00f3n_online\":\"as\",\"Experiencia_en_distribuci\\u00f3n_Offline\":\"2\",\"Si_lo_deseas_cu\\u00e9ntanos_m\\u00e1s_sobre_tu_experiencia_en_distribuci\\u00f3n_offline\":\"asd\",\"\\u00bfHas_hecho_Revenue_para_otros_sectores?_(campos_de_golf,_restaurantes,_lineas_a\\u00e9reas,_spas,_salones___)_\\u00a1Cu\\u00e9ntanos_tu_experiencia!\":\"asd\",\"SEO_T\\u00e9cnico\":\"2\",\"SEO_Offpage_\":\"2\",\"SEM\":\"2\",\"RRSS\":\"2\",\"Email_Marketing\":\"2\",\"Redacci\\u00f3n_de_contenidos_(Blogging_y_copywriting)\":\"2\",\"Dise\\u00f1o_de_Im\\u00e1genes\":\"2\",\"Edici\\u00f3n_de_video\":\"2\",\"Embudos_de_Conversi\\u00f3n\":\"2\",\"Marketing_Tradicional_(relaci\\u00f3n_con_medios,_radio,_prensa,_carteler\\u00eda)\":\"2\",\"Planificaci\\u00f3n_de_estrategias_de_Marketing_Digital\":\"2\",\"Control_de_Gesti\\u00f3n_y_costes_Nivel\":\"2\",\"u\\u00e9ntanos_aquello_que_te_hace_grande_en_este_campo_\\u00bfalg\\u00fan_logro_que_quieras_destacar?\":\"asd\",\"\\u00bfHas_dado_conferencias_y\\/o_escrito_en_medios_profesionales_del_sector_Hotelero?_(en_caso_afirmativo_indica_todo_lo_que_pueda_ayudarnos_a_conocerte_mejor)_\":\"asd\",\"\\u00bfDonde_has_aprendido_Revenue_Management?_(en_caso_de_no_tener_formaci\\u00f3n_sobre_esta_materia_ind\\u00edcalo)\":\"asd\",\"\\u00bfDonde_has_aprendido_Marketing_Hotelero?_(en_caso_de_no_tener_formaci\\u00f3n_sobre_esta_materia_ind\\u00edcalo)\":\"asd\",\"\\u00bfDonde_has_aprendido_Control_de_gesti\\u00f3n?_(en_caso_de_no_tener_formaci\\u00f3n_sobre_esta_materia_ind\\u00edcalo)\":\"asd\",\"Ingl\\u00e9s\":\"Soy capaz de mantener una conversaci\\u00f3n y comunicarme por email con mucha soltura y he vivido en un pa\\u00eds en el que se habla esta lengua durante m\\u00e1s de 5 meses (nivel 8-10 sobre 10)\",\"Franc\\u00e9s\":\"Soy capaz de mantener una conversaci\\u00f3n y comunicarme por email con mucha soltura y he vivido en un pa\\u00eds en el que se habla esta lengua durante m\\u00e1s de 5 meses (nivel 8-10 sobre 10)\",\"Alem\\u00e1n\":\"Soy capaz de mantener una conversaci\\u00f3n y comunicarme por email con mucha soltura y he vivido en un pa\\u00eds en el que se habla esta lengua durante m\\u00e1s de 5 meses (nivel 8-10 sobre 10)\",\"Indica_Conocimientos_en_otros_idiomas_(o_explicaciones_extra_sobre_los_anteriores_tales_como_titulaciones_etc___)\":\"asd\",\"Excel\":\"Tengo conocimientos b\\u00e1sicos (dar formato)\",\"PMS_(Indica_qu\\u00e9_herramientas_de_este_tipo_conoces_y_tu_nivel_de_conocimiento_en_cada_una)_\":\"asd\",\"Channel_Manager_(Indica_qu\\u00e9_herramientas_de_este_tipo_conoces_y_tu_nivel_de_conocimiento_en_cada_una)\":\"asd\",\"RMS(Indica_qu\\u00e9_herramientas_de_este_tipo_conoces_y_tu_nivel_de_conocimiento_en_cada_una)\":\"asd\",\"Reviewer_(reputaci\\u00f3n_online)_(Indica_qu\\u00e9_herramientas_de_este_tipo_conoces_y_tu_nivel_de_conocimiento_en_cada_una)\":\"asd\",\"Shopper_(Indica_qu\\u00e9_herramientas_de_este_tipo_conoces_y_tu_nivel_de_conocimiento_en_cada_una)\":\"asd\",\"Power_Bi_(Indica_tu_nivel_de_conocimiento)\":\"asd\",\"CRM(Indica_qu\\u00e9_herramientas_de_este_tipo_conoces_y_tu_nivel_de_conocimiento_en_cada_una)_\":\"asd\",\"GDS_(Indica_cu\\u00e1les_conoces_y_tu_nivel_de_conocimiento_en_cada_uno)\":\"asd\",\"Python,_R_u_otras_herramaientas_de_an\\u00e1lisis_de_datos\":\"asd\",\"Carnet_de_conducir\":\"Si\",\"Veh\\u00edculo_propio\":\"Si\",\"Acepto_la_pol\\u00edtica_de_privacidad_\":\"Si\",\"0\":\"Si\"}', '11/09/2019'),
(7, '{\"Correo\":\"ysrr27@gmail.com\",\"Nombre_\":\"prueba\",\"Apellido\":\"prueba\",\"Tel\\u00e9fono\":\"12312\",\"Fecha_de_nacimiento\":\"02\\/03\\/2020\",\"Blog_\\/_canal_de_Youtube_u_otro_perfil_donde_transmitas_tus_conocimientos\":\"\",\"Perfil_de_Facebook_(indica_la_url_completa)\":\"\",\"Perfil_de_Instagram_(indica_la_url_completa)\":\"\",\"Perfil_de_Linkedin_(indica_la_url_completa)\":\"\",\"Perfil_de_Twitter_(indica_la_url_completa)\":\"\",\"Ciudad_de_Nacimiento\":\"prueba\",\"Pa\\u00eds_de_Nacimiento_\":\"prueba\",\"Pa\\u00eds_de_Residencia_\":\"prueba\",\"Ciudad_de_Residencia\":\"prueba\",\"Predisposici\\u00f3n_para_trabajar_en_otro_paises\":\"Solo por el pa\\u00eds en el que resido\",\"Ciudades_y_Pa\\u00edses_en_las_que_te_gustar\\u00eda_trabajar\":\"prueba\",\"Cu\\u00e9ntanos,_en_breves_palabras,_lo_que_te_hace_un_gran_profesional_\":\"prueba\",\"\\u00bfQu\\u00e9_buscas?_(puedes_seleccionar_varias)\":\"Pr\\u00e1cticas de Revenue Manager\",\"A\\u00f1os_de_experiencia_totales_Mercado_1:_Indica_los_pa\\u00edses_y_ciudades_de_los_hoteles_donde_has_gestionado_las_estrategias_de_Revenue_y_los_a\\u00f1os_de_experiencia_\":\"prueba\",\"A\\u00f1os_de_experiencia_totales_Mercado_2:_Indica_los_pa\\u00edses_y_ciudades_de_los_hoteles_donde_has_gestionado_las_estrategias_de_Revenue_y_los_a\\u00f1os_de_experiencia\":\"prueba\",\"A\\u00f1os_de_experiencia_totales_Mercado_3:_Indica_los_pa\\u00edses_y_ciudades_de_los_hoteles_donde_has_gestionado_las_estrategias_de_Revenue_y_los_a\\u00f1os_de_experiencia\":\"prueba\",\"A\\u00f1os_de_experiencia_totales_Mercado_4:_Indica_los_pa\\u00edses_y_ciudades_de_los_hoteles_donde_has_gestionado_las_estrategias_de_Revenue_y_los_a\\u00f1os_de_experiencia\":\"prueba\",\"Indica_tu_experiencia_en_el_segmento_Urbano\":\"prueba\",\"Indica_tu_experiencia_en_el_segmento_Vacacional\":\"prueba\",\"Indica_tu_experiencia_en_Otros_segmentos\":\"prueba\",\"Indica_tu_experiencia_en_Rentals_\\/_Apartamentos_tur\\u00edsticos_\\/_Viviendas_de_uso_vacacional_\":\"prueba\",\"Cu\\u00e9ntanos_aquello_que_te_hace_grande_en_este_campo_\\u00bfalg\\u00fan_logro_que_quieras_destacar?\":\"prueba\",\"Indica_los_pa\\u00edses_donde_has_gestionado_las_estrategias_de_distribuci\\u00f3n_y_los_a\\u00f1os_de_experiencia\":\"prueba\",\"Experiencia_en_distribuci\\u00f3n_Online_(nivel)\":\"2\",\"Si_lo_deseas_cu\\u00e9ntanos_m\\u00e1s_sobre_tu_experiencia_en_distribuci\\u00f3n_online\":\"prueba\",\"Experiencia_en_distribuci\\u00f3n_Offline\":\"2\",\"Si_lo_deseas_cu\\u00e9ntanos_m\\u00e1s_sobre_tu_experiencia_en_distribuci\\u00f3n_offline\":\"prueba\",\"\\u00bfHas_hecho_Revenue_para_otros_sectores?_(campos_de_golf,_restaurantes,_lineas_a\\u00e9reas,_spas,_salones___)_\\u00a1Cu\\u00e9ntanos_tu_experiencia!\":\"prueba\",\"SEO_T\\u00e9cnico\":\"1\",\"SEO_Offpage_\":\"1\",\"SEM\":\"1\",\"RRSS\":\"1\",\"Email_Marketing\":\"1\",\"Redacci\\u00f3n_de_contenidos_(Blogging_y_copywriting)\":\"1\",\"Dise\\u00f1o_de_Im\\u00e1genes\":\"1\",\"Edici\\u00f3n_de_video\":\"1\",\"Embudos_de_Conversi\\u00f3n\":\"1\",\"Marketing_Tradicional_(relaci\\u00f3n_con_medios,_radio,_prensa,_carteler\\u00eda)\":\"1\",\"Planificaci\\u00f3n_de_estrategias_de_Marketing_Digital\":\"1\",\"Control_de_Gesti\\u00f3n_y_costes_Nivel\":\"1\",\"u\\u00e9ntanos_aquello_que_te_hace_grande_en_este_campo_\\u00bfalg\\u00fan_logro_que_quieras_destacar?\":\"prueba\",\"\\u00bfHas_dado_conferencias_y\\/o_escrito_en_medios_profesionales_del_sector_Hotelero?_(en_caso_afirmativo_indica_todo_lo_que_pueda_ayudarnos_a_conocerte_mejor)_\":\"prueba\",\"\\u00bfDonde_has_aprendido_Revenue_Management?_(en_caso_de_no_tener_formaci\\u00f3n_sobre_esta_materia_ind\\u00edcalo)\":\"prueba\",\"\\u00bfDonde_has_aprendido_Marketing_Hotelero?_(en_caso_de_no_tener_formaci\\u00f3n_sobre_esta_materia_ind\\u00edcalo)\":\"prueba\",\"\\u00bfDonde_has_aprendido_Control_de_gesti\\u00f3n?_(en_caso_de_no_tener_formaci\\u00f3n_sobre_esta_materia_ind\\u00edcalo)\":\"prueba\",\"Ingl\\u00e9s\":\"Soy capaz de mantener una conversaci\\u00f3n y comunicarme por email con mucha soltura y he vivido en un pa\\u00eds en el que se habla esta lengua durante m\\u00e1s de 5 meses (nivel 8-10 sobre 10)\",\"Franc\\u00e9s\":\"Soy capaz de mantener una conversaci\\u00f3n y comunicarme por email con mucha soltura y he vivido en un pa\\u00eds en el que se habla esta lengua durante m\\u00e1s de 5 meses (nivel 8-10 sobre 10)\",\"Alem\\u00e1n\":\"Soy capaz de mantener una conversaci\\u00f3n y comunicarme por email con mucha soltura y he vivido en un pa\\u00eds en el que se habla esta lengua durante m\\u00e1s de 5 meses (nivel 8-10 sobre 10)\",\"Indica_Conocimientos_en_otros_idiomas_(o_explicaciones_extra_sobre_los_anteriores_tales_como_titulaciones_etc___)\":\"prueba\",\"Excel\":\"Tengo conocimientos intermedios (trabajar con f\\u00f3rmulas de c\\u00e1lculo)\",\"PMS_(Indica_qu\\u00e9_herramientas_de_este_tipo_conoces_y_tu_nivel_de_conocimiento_en_cada_una)_\":\"prueba\",\"Channel_Manager_(Indica_qu\\u00e9_herramientas_de_este_tipo_conoces_y_tu_nivel_de_conocimiento_en_cada_una)\":\"prueba\",\"RMS(Indica_qu\\u00e9_herramientas_de_este_tipo_conoces_y_tu_nivel_de_conocimiento_en_cada_una)\":\"prueba\",\"Reviewer_(reputaci\\u00f3n_online)_(Indica_qu\\u00e9_herramientas_de_este_tipo_conoces_y_tu_nivel_de_conocimiento_en_cada_una)\":\"prueba\",\"Shopper_(Indica_qu\\u00e9_herramientas_de_este_tipo_conoces_y_tu_nivel_de_conocimiento_en_cada_una)\":\"prueba\",\"Power_Bi_(Indica_tu_nivel_de_conocimiento)\":\"prueba\",\"CRM(Indica_qu\\u00e9_herramientas_de_este_tipo_conoces_y_tu_nivel_de_conocimiento_en_cada_una)_\":\"prueba\",\"GDS_(Indica_cu\\u00e1les_conoces_y_tu_nivel_de_conocimiento_en_cada_uno)\":\"prueba\",\"Python,_R_u_otras_herramaientas_de_an\\u00e1lisis_de_datos\":\"prueba\",\"Carnet_de_conducir\":\"Si\",\"Veh\\u00edculo_propio\":\"Si\",\"Acepto_la_pol\\u00edtica_de_privacidad_\":\"Si\",\"0\":\"Si\"}', '19/02/2020'),
(8, '{\"Correo\":\"ysrr27@gmail.com\",\"Nombre_\":\"prueba\",\"Apellido\":\"prueba\",\"Tel\\u00e9fono\":\"prueba\",\"Fecha_de_nacimiento\":\"02\\/19\\/2020\",\"Blog_\\/_canal_de_Youtube_u_otro_perfil_donde_transmitas_tus_conocimientos\":\"\",\"Perfil_de_Facebook_(indica_la_url_completa)\":\"\",\"Perfil_de_Instagram_(indica_la_url_completa)\":\"\",\"Perfil_de_Linkedin_(indica_la_url_completa)\":\"\",\"Perfil_de_Twitter_(indica_la_url_completa)\":\"\",\"Ciudad_de_Nacimiento\":\"ysrr27@hotmail.comysrr27@hotmail.com\",\"Pa\\u00eds_de_Nacimiento_\":\"ysrr27@hotmail.comysrr27@hotmail.com\",\"Pa\\u00eds_de_Residencia_\":\"ysrr27@hotmail.comysrr27@hotmail.com\",\"Ciudad_de_Residencia\":\"ysrr27@hotmail.comysrr27@hotmail.com\",\"Predisposici\\u00f3n_para_trabajar_en_otro_paises\":\"Solo por el pa\\u00eds en el que resido\",\"Ciudades_y_Pa\\u00edses_en_las_que_te_gustar\\u00eda_trabajar\":\"prueba\",\"Cu\\u00e9ntanos,_en_breves_palabras,_lo_que_te_hace_un_gran_profesional_\":\"prueba\",\"\\u00bfQu\\u00e9_buscas?_(puedes_seleccionar_varias)\":\"Pr\\u00e1cticas de Revenue Manager\",\"A\\u00f1os_de_experiencia_totales_Mercado_1:_Indica_los_pa\\u00edses_y_ciudades_de_los_hoteles_donde_has_gestionado_las_estrategias_de_Revenue_y_los_a\\u00f1os_de_experiencia_\":\"prueba\",\"A\\u00f1os_de_experiencia_totales_Mercado_2:_Indica_los_pa\\u00edses_y_ciudades_de_los_hoteles_donde_has_gestionado_las_estrategias_de_Revenue_y_los_a\\u00f1os_de_experiencia\":\"prueba\",\"A\\u00f1os_de_experiencia_totales_Mercado_3:_Indica_los_pa\\u00edses_y_ciudades_de_los_hoteles_donde_has_gestionado_las_estrategias_de_Revenue_y_los_a\\u00f1os_de_experiencia\":\"prueba\",\"A\\u00f1os_de_experiencia_totales_Mercado_4:_Indica_los_pa\\u00edses_y_ciudades_de_los_hoteles_donde_has_gestionado_las_estrategias_de_Revenue_y_los_a\\u00f1os_de_experiencia\":\"prueba\",\"Indica_tu_experiencia_en_el_segmento_Urbano\":\"prueba\",\"Indica_tu_experiencia_en_el_segmento_Vacacional\":\"prueba\",\"Indica_tu_experiencia_en_Otros_segmentos\":\"prueba\",\"Indica_tu_experiencia_en_Rentals_\\/_Apartamentos_tur\\u00edsticos_\\/_Viviendas_de_uso_vacacional_\":\"prueba\",\"Cu\\u00e9ntanos_aquello_que_te_hace_grande_en_este_campo_\\u00bfalg\\u00fan_logro_que_quieras_destacar?\":\"prueba\",\"Indica_los_pa\\u00edses_donde_has_gestionado_las_estrategias_de_distribuci\\u00f3n_y_los_a\\u00f1os_de_experiencia\":\"prueba\",\"Experiencia_en_distribuci\\u00f3n_Online_(nivel)\":\"1\",\"Si_lo_deseas_cu\\u00e9ntanos_m\\u00e1s_sobre_tu_experiencia_en_distribuci\\u00f3n_online\":\"prueba\",\"Experiencia_en_distribuci\\u00f3n_Offline\":\"1\",\"Si_lo_deseas_cu\\u00e9ntanos_m\\u00e1s_sobre_tu_experiencia_en_distribuci\\u00f3n_offline\":\"prueba\",\"\\u00bfHas_hecho_Revenue_para_otros_sectores?_(campos_de_golf,_restaurantes,_lineas_a\\u00e9reas,_spas,_salones___)_\\u00a1Cu\\u00e9ntanos_tu_experiencia!\":\"prueba\",\"SEO_T\\u00e9cnico\":\"1\",\"SEO_Offpage_\":\"1\",\"SEM\":\"1\",\"RRSS\":\"1\",\"Email_Marketing\":\"1\",\"Redacci\\u00f3n_de_contenidos_(Blogging_y_copywriting)\":\"1\",\"Dise\\u00f1o_de_Im\\u00e1genes\":\"1\",\"Edici\\u00f3n_de_video\":\"1\",\"Embudos_de_Conversi\\u00f3n\":\"1\",\"Marketing_Tradicional_(relaci\\u00f3n_con_medios,_radio,_prensa,_carteler\\u00eda)\":\"1\",\"Planificaci\\u00f3n_de_estrategias_de_Marketing_Digital\":\"1\",\"Control_de_Gesti\\u00f3n_y_costes_Nivel\":\"1\",\"u\\u00e9ntanos_aquello_que_te_hace_grande_en_este_campo_\\u00bfalg\\u00fan_logro_que_quieras_destacar?\":\"prueba\",\"\\u00bfHas_dado_conferencias_y\\/o_escrito_en_medios_profesionales_del_sector_Hotelero?_(en_caso_afirmativo_indica_todo_lo_que_pueda_ayudarnos_a_conocerte_mejor)_\":\"prueba\",\"\\u00bfDonde_has_aprendido_Revenue_Management?_(en_caso_de_no_tener_formaci\\u00f3n_sobre_esta_materia_ind\\u00edcalo)\":\"prueba\",\"\\u00bfDonde_has_aprendido_Marketing_Hotelero?_(en_caso_de_no_tener_formaci\\u00f3n_sobre_esta_materia_ind\\u00edcalo)\":\"prueba\",\"\\u00bfDonde_has_aprendido_Control_de_gesti\\u00f3n?_(en_caso_de_no_tener_formaci\\u00f3n_sobre_esta_materia_ind\\u00edcalo)\":\"prueba\",\"Ingl\\u00e9s\":\"Soy capaz de mantener una conversaci\\u00f3n y comunicarme por email con mucha soltura y he vivido en un pa\\u00eds en el que se habla esta lengua durante m\\u00e1s de 5 meses (nivel 8-10 sobre 10)\",\"Franc\\u00e9s\":\"Soy capaz de mantener una conversaci\\u00f3n y comunicarme por email con mucha soltura (nivel 8-10 sobre 10)\",\"Alem\\u00e1n\":\"Soy capaz de mantener una conversaci\\u00f3n y comunicarme por email con mucha soltura y he vivido en un pa\\u00eds en el que se habla esta lengua durante m\\u00e1s de 5 meses (nivel 8-10 sobre 10)\",\"Indica_Conocimientos_en_otros_idiomas_(o_explicaciones_extra_sobre_los_anteriores_tales_como_titulaciones_etc___)\":\"prueba\",\"Excel\":\"Tengo conocimientos intermedios (trabajar con f\\u00f3rmulas de c\\u00e1lculo)\",\"PMS_(Indica_qu\\u00e9_herramientas_de_este_tipo_conoces_y_tu_nivel_de_conocimiento_en_cada_una)_\":\"prueba\",\"Channel_Manager_(Indica_qu\\u00e9_herramientas_de_este_tipo_conoces_y_tu_nivel_de_conocimiento_en_cada_una)\":\"prueba\",\"RMS(Indica_qu\\u00e9_herramientas_de_este_tipo_conoces_y_tu_nivel_de_conocimiento_en_cada_una)\":\"prueba\",\"Reviewer_(reputaci\\u00f3n_online)_(Indica_qu\\u00e9_herramientas_de_este_tipo_conoces_y_tu_nivel_de_conocimiento_en_cada_una)\":\"prueba\",\"Shopper_(Indica_qu\\u00e9_herramientas_de_este_tipo_conoces_y_tu_nivel_de_conocimiento_en_cada_una)\":\"prueba\",\"Power_Bi_(Indica_tu_nivel_de_conocimiento)\":\"prueba\",\"CRM(Indica_qu\\u00e9_herramientas_de_este_tipo_conoces_y_tu_nivel_de_conocimiento_en_cada_una)_\":\"prueba\",\"GDS_(Indica_cu\\u00e1les_conoces_y_tu_nivel_de_conocimiento_en_cada_uno)\":\"prueba\",\"Python,_R_u_otras_herramaientas_de_an\\u00e1lisis_de_datos\":\"prueba\",\"Carnet_de_conducir\":\"Si\",\"Veh\\u00edculo_propio\":\"Si\",\"Acepto_la_pol\\u00edtica_de_privacidad_\":\"Si\",\"0\":\"Si\"}', '19/02/2020'),
(9, '{\"Correo\":\"ysrr27@gmail.com\",\"Nombre_\":\"prueba\",\"Apellido\":\"prueba\",\"Tel\\u00e9fono\":\"prueba\",\"Fecha_de_nacimiento\":\"02\\/19\\/2020\",\"Blog_\\/_canal_de_Youtube_u_otro_perfil_donde_transmitas_tus_conocimientos\":\"\",\"Perfil_de_Facebook_(indica_la_url_completa)\":\"\",\"Perfil_de_Instagram_(indica_la_url_completa)\":\"\",\"Perfil_de_Linkedin_(indica_la_url_completa)\":\"\",\"Perfil_de_Twitter_(indica_la_url_completa)\":\"\",\"Ciudad_de_Nacimiento\":\"prueba\",\"Pa\\u00eds_de_Nacimiento_\":\"prueba\",\"Pa\\u00eds_de_Residencia_\":\"prueba\",\"Ciudad_de_Residencia\":\"prueba\",\"Predisposici\\u00f3n_para_trabajar_en_otro_paises\":\"Solo por el pa\\u00eds en el que resido\",\"Ciudades_y_Pa\\u00edses_en_las_que_te_gustar\\u00eda_trabajar\":\"prueba\",\"Cu\\u00e9ntanos,_en_breves_palabras,_lo_que_te_hace_un_gran_profesional_\":\"prueba\",\"\\u00bfQu\\u00e9_buscas?_(puedes_seleccionar_varias)\":\"Pr\\u00e1cticas de Revenue Manager\",\"A\\u00f1os_de_experiencia_totales_Mercado_1:_Indica_los_pa\\u00edses_y_ciudades_de_los_hoteles_donde_has_gestionado_las_estrategias_de_Revenue_y_los_a\\u00f1os_de_experiencia_\":\"prueba\",\"A\\u00f1os_de_experiencia_totales_Mercado_2:_Indica_los_pa\\u00edses_y_ciudades_de_los_hoteles_donde_has_gestionado_las_estrategias_de_Revenue_y_los_a\\u00f1os_de_experiencia\":\"prueba\",\"A\\u00f1os_de_experiencia_totales_Mercado_3:_Indica_los_pa\\u00edses_y_ciudades_de_los_hoteles_donde_has_gestionado_las_estrategias_de_Revenue_y_los_a\\u00f1os_de_experiencia\":\"prueba\",\"A\\u00f1os_de_experiencia_totales_Mercado_4:_Indica_los_pa\\u00edses_y_ciudades_de_los_hoteles_donde_has_gestionado_las_estrategias_de_Revenue_y_los_a\\u00f1os_de_experiencia\":\"prueba\",\"Indica_tu_experiencia_en_el_segmento_Urbano\":\"prueba\",\"Indica_tu_experiencia_en_el_segmento_Vacacional\":\"prueba\",\"Indica_tu_experiencia_en_Otros_segmentos\":\"prueba\",\"Indica_tu_experiencia_en_Rentals_\\/_Apartamentos_tur\\u00edsticos_\\/_Viviendas_de_uso_vacacional_\":\"prueba\",\"Cu\\u00e9ntanos_aquello_que_te_hace_grande_en_este_campo_\\u00bfalg\\u00fan_logro_que_quieras_destacar?\":\"prueba\",\"Indica_los_pa\\u00edses_donde_has_gestionado_las_estrategias_de_distribuci\\u00f3n_y_los_a\\u00f1os_de_experiencia\":\"prueba\",\"Experiencia_en_distribuci\\u00f3n_Online_(nivel)\":\"2\",\"Si_lo_deseas_cu\\u00e9ntanos_m\\u00e1s_sobre_tu_experiencia_en_distribuci\\u00f3n_online\":\"prueba\",\"Experiencia_en_distribuci\\u00f3n_Offline\":\"2\",\"Si_lo_deseas_cu\\u00e9ntanos_m\\u00e1s_sobre_tu_experiencia_en_distribuci\\u00f3n_offline\":\"prueba\",\"\\u00bfHas_hecho_Revenue_para_otros_sectores?_(campos_de_golf,_restaurantes,_lineas_a\\u00e9reas,_spas,_salones___)_\\u00a1Cu\\u00e9ntanos_tu_experiencia!\":\"prueba\",\"SEO_T\\u00e9cnico\":\"2\",\"SEO_Offpage_\":\"2\",\"SEM\":\"2\",\"RRSS\":\"2\",\"Email_Marketing\":\"2\",\"Redacci\\u00f3n_de_contenidos_(Blogging_y_copywriting)\":\"2\",\"Dise\\u00f1o_de_Im\\u00e1genes\":\"2\",\"Edici\\u00f3n_de_video\":\"2\",\"Embudos_de_Conversi\\u00f3n\":\"2\",\"Marketing_Tradicional_(relaci\\u00f3n_con_medios,_radio,_prensa,_carteler\\u00eda)\":\"2\",\"Planificaci\\u00f3n_de_estrategias_de_Marketing_Digital\":\"2\",\"Control_de_Gesti\\u00f3n_y_costes_Nivel\":\"2\",\"u\\u00e9ntanos_aquello_que_te_hace_grande_en_este_campo_\\u00bfalg\\u00fan_logro_que_quieras_destacar?\":\"prueba\",\"\\u00bfHas_dado_conferencias_y\\/o_escrito_en_medios_profesionales_del_sector_Hotelero?_(en_caso_afirmativo_indica_todo_lo_que_pueda_ayudarnos_a_conocerte_mejor)_\":\"prueba\",\"\\u00bfDonde_has_aprendido_Revenue_Management?_(en_caso_de_no_tener_formaci\\u00f3n_sobre_esta_materia_ind\\u00edcalo)\":\"prueba\",\"\\u00bfDonde_has_aprendido_Marketing_Hotelero?_(en_caso_de_no_tener_formaci\\u00f3n_sobre_esta_materia_ind\\u00edcalo)\":\"prueba\",\"\\u00bfDonde_has_aprendido_Control_de_gesti\\u00f3n?_(en_caso_de_no_tener_formaci\\u00f3n_sobre_esta_materia_ind\\u00edcalo)\":\"prueba\",\"Ingl\\u00e9s\":\"Soy capaz de mantener una conversaci\\u00f3n y comunicarme por email con mucha soltura y he vivido en un pa\\u00eds en el que se habla esta lengua durante m\\u00e1s de 5 meses (nivel 8-10 sobre 10)\",\"Franc\\u00e9s\":\"Soy capaz de mantener una conversaci\\u00f3n y comunicarme por email con mucha soltura y he vivido en un pa\\u00eds en el que se habla esta lengua durante m\\u00e1s de 5 meses (nivel 8-10 sobre 10)\",\"Alem\\u00e1n\":\"Soy capaz de mantener una conversaci\\u00f3n y comunicarme por email con mucha soltura y he vivido en un pa\\u00eds en el que se habla esta lengua durante m\\u00e1s de 5 meses (nivel 8-10 sobre 10)\",\"Indica_Conocimientos_en_otros_idiomas_(o_explicaciones_extra_sobre_los_anteriores_tales_como_titulaciones_etc___)\":\"prueba\",\"Excel\":\"Tengo conocimientos b\\u00e1sicos (dar formato)\",\"PMS_(Indica_qu\\u00e9_herramientas_de_este_tipo_conoces_y_tu_nivel_de_conocimiento_en_cada_una)_\":\"prueba\",\"Channel_Manager_(Indica_qu\\u00e9_herramientas_de_este_tipo_conoces_y_tu_nivel_de_conocimiento_en_cada_una)\":\"prueba\",\"RMS(Indica_qu\\u00e9_herramientas_de_este_tipo_conoces_y_tu_nivel_de_conocimiento_en_cada_una)\":\"prueba\",\"Reviewer_(reputaci\\u00f3n_online)_(Indica_qu\\u00e9_herramientas_de_este_tipo_conoces_y_tu_nivel_de_conocimiento_en_cada_una)\":\"prueba\",\"Shopper_(Indica_qu\\u00e9_herramientas_de_este_tipo_conoces_y_tu_nivel_de_conocimiento_en_cada_una)\":\"prueba\",\"Power_Bi_(Indica_tu_nivel_de_conocimiento)\":\"prueba\",\"CRM(Indica_qu\\u00e9_herramientas_de_este_tipo_conoces_y_tu_nivel_de_conocimiento_en_cada_una)_\":\"prueba\",\"GDS_(Indica_cu\\u00e1les_conoces_y_tu_nivel_de_conocimiento_en_cada_uno)\":\"prueba\",\"Python,_R_u_otras_herramaientas_de_an\\u00e1lisis_de_datos\":\"prueba\",\"Carnet_de_conducir\":\"Si\",\"Veh\\u00edculo_propio\":\"Si\",\"Acepto_la_pol\\u00edtica_de_privacidad_\":\"Si\",\"0\":\"Si\"}', '19/02/2020'),
(10, '{\"Correo\":\"ysrr27@gmail.com\",\"Nombre_\":\"prueba\",\"Apellido\":\"prueba\",\"Tel\\u00e9fono\":\"prueba\",\"Fecha_de_nacimiento\":\"02\\/19\\/2020\",\"Blog_\\/_canal_de_Youtube_u_otro_perfil_donde_transmitas_tus_conocimientos\":\"\",\"Perfil_de_Facebook_(indica_la_url_completa)\":\"\",\"Perfil_de_Instagram_(indica_la_url_completa)\":\"\",\"Perfil_de_Linkedin_(indica_la_url_completa)\":\"\",\"Perfil_de_Twitter_(indica_la_url_completa)\":\"\",\"Ciudad_de_Nacimiento\":\"prueba\",\"Pa\\u00eds_de_Nacimiento_\":\"prueba\",\"Pa\\u00eds_de_Residencia_\":\"prueba\",\"Ciudad_de_Residencia\":\"prueba\",\"Predisposici\\u00f3n_para_trabajar_en_otro_paises\":\"Solo por el pa\\u00eds en el que resido\",\"Ciudades_y_Pa\\u00edses_en_las_que_te_gustar\\u00eda_trabajar\":\"prueba\",\"Cu\\u00e9ntanos,_en_breves_palabras,_lo_que_te_hace_un_gran_profesional_\":\"prueba\",\"\\u00bfQu\\u00e9_buscas?_(puedes_seleccionar_varias)\":\"Pr\\u00e1cticas de Revenue Manager\",\"A\\u00f1os_de_experiencia_totales_Mercado_1:_Indica_los_pa\\u00edses_y_ciudades_de_los_hoteles_donde_has_gestionado_las_estrategias_de_Revenue_y_los_a\\u00f1os_de_experiencia_\":\"prueba\",\"A\\u00f1os_de_experiencia_totales_Mercado_2:_Indica_los_pa\\u00edses_y_ciudades_de_los_hoteles_donde_has_gestionado_las_estrategias_de_Revenue_y_los_a\\u00f1os_de_experiencia\":\"prueba\",\"A\\u00f1os_de_experiencia_totales_Mercado_3:_Indica_los_pa\\u00edses_y_ciudades_de_los_hoteles_donde_has_gestionado_las_estrategias_de_Revenue_y_los_a\\u00f1os_de_experiencia\":\"prueba\",\"A\\u00f1os_de_experiencia_totales_Mercado_4:_Indica_los_pa\\u00edses_y_ciudades_de_los_hoteles_donde_has_gestionado_las_estrategias_de_Revenue_y_los_a\\u00f1os_de_experiencia\":\"prueba\",\"Indica_tu_experiencia_en_el_segmento_Urbano\":\"prueba\",\"Indica_tu_experiencia_en_el_segmento_Vacacional\":\"prueba\",\"Indica_tu_experiencia_en_Otros_segmentos\":\"prueba\",\"Indica_tu_experiencia_en_Rentals_\\/_Apartamentos_tur\\u00edsticos_\\/_Viviendas_de_uso_vacacional_\":\"prueba\",\"Cu\\u00e9ntanos_aquello_que_te_hace_grande_en_este_campo_\\u00bfalg\\u00fan_logro_que_quieras_destacar?\":\"prueba\",\"Indica_los_pa\\u00edses_donde_has_gestionado_las_estrategias_de_distribuci\\u00f3n_y_los_a\\u00f1os_de_experiencia\":\"prueba\",\"Experiencia_en_distribuci\\u00f3n_Online_(nivel)\":\"2\",\"Si_lo_deseas_cu\\u00e9ntanos_m\\u00e1s_sobre_tu_experiencia_en_distribuci\\u00f3n_online\":\"prueba\",\"Experiencia_en_distribuci\\u00f3n_Offline\":\"2\",\"Si_lo_deseas_cu\\u00e9ntanos_m\\u00e1s_sobre_tu_experiencia_en_distribuci\\u00f3n_offline\":\"prueba\",\"\\u00bfHas_hecho_Revenue_para_otros_sectores?_(campos_de_golf,_restaurantes,_lineas_a\\u00e9reas,_spas,_salones___)_\\u00a1Cu\\u00e9ntanos_tu_experiencia!\":\"prueba\",\"SEO_T\\u00e9cnico\":\"2\",\"SEO_Offpage_\":\"2\",\"SEM\":\"2\",\"RRSS\":\"2\",\"Email_Marketing\":\"2\",\"Redacci\\u00f3n_de_contenidos_(Blogging_y_copywriting)\":\"2\",\"Dise\\u00f1o_de_Im\\u00e1genes\":\"2\",\"Edici\\u00f3n_de_video\":\"2\",\"Embudos_de_Conversi\\u00f3n\":\"2\",\"Marketing_Tradicional_(relaci\\u00f3n_con_medios,_radio,_prensa,_carteler\\u00eda)\":\"2\",\"Planificaci\\u00f3n_de_estrategias_de_Marketing_Digital\":\"2\",\"Control_de_Gesti\\u00f3n_y_costes_Nivel\":\"2\",\"u\\u00e9ntanos_aquello_que_te_hace_grande_en_este_campo_\\u00bfalg\\u00fan_logro_que_quieras_destacar?\":\"prueba\",\"\\u00bfHas_dado_conferencias_y\\/o_escrito_en_medios_profesionales_del_sector_Hotelero?_(en_caso_afirmativo_indica_todo_lo_que_pueda_ayudarnos_a_conocerte_mejor)_\":\"prueba\",\"\\u00bfDonde_has_aprendido_Revenue_Management?_(en_caso_de_no_tener_formaci\\u00f3n_sobre_esta_materia_ind\\u00edcalo)\":\"prueba\",\"\\u00bfDonde_has_aprendido_Marketing_Hotelero?_(en_caso_de_no_tener_formaci\\u00f3n_sobre_esta_materia_ind\\u00edcalo)\":\"prueba\",\"\\u00bfDonde_has_aprendido_Control_de_gesti\\u00f3n?_(en_caso_de_no_tener_formaci\\u00f3n_sobre_esta_materia_ind\\u00edcalo)\":\"prueba\",\"Ingl\\u00e9s\":\"Soy capaz de mantener una conversaci\\u00f3n y comunicarme por email con mucha soltura y he vivido en un pa\\u00eds en el que se habla esta lengua durante m\\u00e1s de 5 meses (nivel 8-10 sobre 10)\",\"Franc\\u00e9s\":\"Soy capaz de mantener una conversaci\\u00f3n y comunicarme por email con mucha soltura y he vivido en un pa\\u00eds en el que se habla esta lengua durante m\\u00e1s de 5 meses (nivel 8-10 sobre 10)\",\"Alem\\u00e1n\":\"Soy capaz de mantener una conversaci\\u00f3n y comunicarme por email con mucha soltura y he vivido en un pa\\u00eds en el que se habla esta lengua durante m\\u00e1s de 5 meses (nivel 8-10 sobre 10)\",\"Indica_Conocimientos_en_otros_idiomas_(o_explicaciones_extra_sobre_los_anteriores_tales_como_titulaciones_etc___)\":\"prueba\",\"Excel\":\"Tengo conocimientos b\\u00e1sicos (dar formato)\",\"PMS_(Indica_qu\\u00e9_herramientas_de_este_tipo_conoces_y_tu_nivel_de_conocimiento_en_cada_una)_\":\"prueba\",\"Channel_Manager_(Indica_qu\\u00e9_herramientas_de_este_tipo_conoces_y_tu_nivel_de_conocimiento_en_cada_una)\":\"prueba\",\"RMS(Indica_qu\\u00e9_herramientas_de_este_tipo_conoces_y_tu_nivel_de_conocimiento_en_cada_una)\":\"prueba\",\"Reviewer_(reputaci\\u00f3n_online)_(Indica_qu\\u00e9_herramientas_de_este_tipo_conoces_y_tu_nivel_de_conocimiento_en_cada_una)\":\"prueba\",\"Shopper_(Indica_qu\\u00e9_herramientas_de_este_tipo_conoces_y_tu_nivel_de_conocimiento_en_cada_una)\":\"prueba\",\"Power_Bi_(Indica_tu_nivel_de_conocimiento)\":\"prueba\",\"CRM(Indica_qu\\u00e9_herramientas_de_este_tipo_conoces_y_tu_nivel_de_conocimiento_en_cada_una)_\":\"prueba\",\"GDS_(Indica_cu\\u00e1les_conoces_y_tu_nivel_de_conocimiento_en_cada_uno)\":\"prueba\",\"Python,_R_u_otras_herramaientas_de_an\\u00e1lisis_de_datos\":\"prueba\",\"Carnet_de_conducir\":\"Si\",\"Veh\\u00edculo_propio\":\"Si\",\"Acepto_la_pol\\u00edtica_de_privacidad_\":\"Si\",\"0\":\"Si\"}', '19/02/2020'),
(11, '{\"Correo\":\"ysrr27@gmail.com\",\"Nombre_\":\"prueba\",\"Apellido\":\"prueba\",\"Tel\\u00e9fono\":\"prueba\",\"Fecha_de_nacimiento\":\"02\\/19\\/2020\",\"Blog_\\/_canal_de_Youtube_u_otro_perfil_donde_transmitas_tus_conocimientos\":\"\",\"Perfil_de_Facebook_(indica_la_url_completa)\":\"\",\"Perfil_de_Instagram_(indica_la_url_completa)\":\"\",\"Perfil_de_Linkedin_(indica_la_url_completa)\":\"\",\"Perfil_de_Twitter_(indica_la_url_completa)\":\"\",\"Ciudad_de_Nacimiento\":\"prueba\",\"Pa\\u00eds_de_Nacimiento_\":\"prueba\",\"Pa\\u00eds_de_Residencia_\":\"prueba\",\"Ciudad_de_Residencia\":\"prueba\",\"Predisposici\\u00f3n_para_trabajar_en_otro_paises\":\"Solo por el pa\\u00eds en el que resido\",\"Ciudades_y_Pa\\u00edses_en_las_que_te_gustar\\u00eda_trabajar\":\"prueba\",\"Cu\\u00e9ntanos,_en_breves_palabras,_lo_que_te_hace_un_gran_profesional_\":\"prueba\",\"\\u00bfQu\\u00e9_buscas?_(puedes_seleccionar_varias)\":\"Pr\\u00e1cticas de Revenue Manager\",\"A\\u00f1os_de_experiencia_totales_Mercado_1:_Indica_los_pa\\u00edses_y_ciudades_de_los_hoteles_donde_has_gestionado_las_estrategias_de_Revenue_y_los_a\\u00f1os_de_experiencia_\":\"prueba\",\"A\\u00f1os_de_experiencia_totales_Mercado_2:_Indica_los_pa\\u00edses_y_ciudades_de_los_hoteles_donde_has_gestionado_las_estrategias_de_Revenue_y_los_a\\u00f1os_de_experiencia\":\"prueba\",\"A\\u00f1os_de_experiencia_totales_Mercado_3:_Indica_los_pa\\u00edses_y_ciudades_de_los_hoteles_donde_has_gestionado_las_estrategias_de_Revenue_y_los_a\\u00f1os_de_experiencia\":\"prueba\",\"A\\u00f1os_de_experiencia_totales_Mercado_4:_Indica_los_pa\\u00edses_y_ciudades_de_los_hoteles_donde_has_gestionado_las_estrategias_de_Revenue_y_los_a\\u00f1os_de_experiencia\":\"prueba\",\"Indica_tu_experiencia_en_el_segmento_Urbano\":\"prueba\",\"Indica_tu_experiencia_en_el_segmento_Vacacional\":\"prueba\",\"Indica_tu_experiencia_en_Otros_segmentos\":\"prueba\",\"Indica_tu_experiencia_en_Rentals_\\/_Apartamentos_tur\\u00edsticos_\\/_Viviendas_de_uso_vacacional_\":\"prueba\",\"Cu\\u00e9ntanos_aquello_que_te_hace_grande_en_este_campo_\\u00bfalg\\u00fan_logro_que_quieras_destacar?\":\"prueba\",\"Indica_los_pa\\u00edses_donde_has_gestionado_las_estrategias_de_distribuci\\u00f3n_y_los_a\\u00f1os_de_experiencia\":\"prueba\",\"Experiencia_en_distribuci\\u00f3n_Online_(nivel)\":\"2\",\"Si_lo_deseas_cu\\u00e9ntanos_m\\u00e1s_sobre_tu_experiencia_en_distribuci\\u00f3n_online\":\"prueba\",\"Experiencia_en_distribuci\\u00f3n_Offline\":\"2\",\"Si_lo_deseas_cu\\u00e9ntanos_m\\u00e1s_sobre_tu_experiencia_en_distribuci\\u00f3n_offline\":\"prueba\",\"\\u00bfHas_hecho_Revenue_para_otros_sectores?_(campos_de_golf,_restaurantes,_lineas_a\\u00e9reas,_spas,_salones___)_\\u00a1Cu\\u00e9ntanos_tu_experiencia!\":\"prueba\",\"SEO_T\\u00e9cnico\":\"2\",\"SEO_Offpage_\":\"2\",\"SEM\":\"2\",\"RRSS\":\"2\",\"Email_Marketing\":\"2\",\"Redacci\\u00f3n_de_contenidos_(Blogging_y_copywriting)\":\"2\",\"Dise\\u00f1o_de_Im\\u00e1genes\":\"2\",\"Edici\\u00f3n_de_video\":\"2\",\"Embudos_de_Conversi\\u00f3n\":\"2\",\"Marketing_Tradicional_(relaci\\u00f3n_con_medios,_radio,_prensa,_carteler\\u00eda)\":\"2\",\"Planificaci\\u00f3n_de_estrategias_de_Marketing_Digital\":\"2\",\"Control_de_Gesti\\u00f3n_y_costes_Nivel\":\"2\",\"u\\u00e9ntanos_aquello_que_te_hace_grande_en_este_campo_\\u00bfalg\\u00fan_logro_que_quieras_destacar?\":\"prueba\",\"\\u00bfHas_dado_conferencias_y\\/o_escrito_en_medios_profesionales_del_sector_Hotelero?_(en_caso_afirmativo_indica_todo_lo_que_pueda_ayudarnos_a_conocerte_mejor)_\":\"prueba\",\"\\u00bfDonde_has_aprendido_Revenue_Management?_(en_caso_de_no_tener_formaci\\u00f3n_sobre_esta_materia_ind\\u00edcalo)\":\"prueba\",\"\\u00bfDonde_has_aprendido_Marketing_Hotelero?_(en_caso_de_no_tener_formaci\\u00f3n_sobre_esta_materia_ind\\u00edcalo)\":\"prueba\",\"\\u00bfDonde_has_aprendido_Control_de_gesti\\u00f3n?_(en_caso_de_no_tener_formaci\\u00f3n_sobre_esta_materia_ind\\u00edcalo)\":\"prueba\",\"Ingl\\u00e9s\":\"Soy capaz de mantener una conversaci\\u00f3n y comunicarme por email con mucha soltura y he vivido en un pa\\u00eds en el que se habla esta lengua durante m\\u00e1s de 5 meses (nivel 8-10 sobre 10)\",\"Franc\\u00e9s\":\"Soy capaz de mantener una conversaci\\u00f3n y comunicarme por email con mucha soltura y he vivido en un pa\\u00eds en el que se habla esta lengua durante m\\u00e1s de 5 meses (nivel 8-10 sobre 10)\",\"Alem\\u00e1n\":\"Soy capaz de mantener una conversaci\\u00f3n y comunicarme por email con mucha soltura y he vivido en un pa\\u00eds en el que se habla esta lengua durante m\\u00e1s de 5 meses (nivel 8-10 sobre 10)\",\"Indica_Conocimientos_en_otros_idiomas_(o_explicaciones_extra_sobre_los_anteriores_tales_como_titulaciones_etc___)\":\"prueba\",\"Excel\":\"Tengo conocimientos b\\u00e1sicos (dar formato)\",\"PMS_(Indica_qu\\u00e9_herramientas_de_este_tipo_conoces_y_tu_nivel_de_conocimiento_en_cada_una)_\":\"prueba\",\"Channel_Manager_(Indica_qu\\u00e9_herramientas_de_este_tipo_conoces_y_tu_nivel_de_conocimiento_en_cada_una)\":\"prueba\",\"RMS(Indica_qu\\u00e9_herramientas_de_este_tipo_conoces_y_tu_nivel_de_conocimiento_en_cada_una)\":\"prueba\",\"Reviewer_(reputaci\\u00f3n_online)_(Indica_qu\\u00e9_herramientas_de_este_tipo_conoces_y_tu_nivel_de_conocimiento_en_cada_una)\":\"prueba\",\"Shopper_(Indica_qu\\u00e9_herramientas_de_este_tipo_conoces_y_tu_nivel_de_conocimiento_en_cada_una)\":\"prueba\",\"Power_Bi_(Indica_tu_nivel_de_conocimiento)\":\"prueba\",\"CRM(Indica_qu\\u00e9_herramientas_de_este_tipo_conoces_y_tu_nivel_de_conocimiento_en_cada_una)_\":\"prueba\",\"GDS_(Indica_cu\\u00e1les_conoces_y_tu_nivel_de_conocimiento_en_cada_uno)\":\"prueba\",\"Python,_R_u_otras_herramaientas_de_an\\u00e1lisis_de_datos\":\"prueba\",\"Carnet_de_conducir\":\"Si\",\"Veh\\u00edculo_propio\":\"Si\",\"Acepto_la_pol\\u00edtica_de_privacidad_\":\"Si\",\"0\":\"Si\"}', '19/02/2020');
INSERT INTO `mrw_candidatos` (`idcandidatos`, `respuestas`, `fecha`) VALUES
(12, '{\"Correo\":\"ysrr27@gmail.com\",\"Nombre_\":\"prueba\",\"Apellido\":\"prueba\",\"Tel\\u00e9fono\":\"prueba\",\"Fecha_de_nacimiento\":\"02\\/19\\/2020\",\"Blog_\\/_canal_de_Youtube_u_otro_perfil_donde_transmitas_tus_conocimientos\":\"\",\"Perfil_de_Facebook_(indica_la_url_completa)\":\"\",\"Perfil_de_Instagram_(indica_la_url_completa)\":\"\",\"Perfil_de_Linkedin_(indica_la_url_completa)\":\"\",\"Perfil_de_Twitter_(indica_la_url_completa)\":\"\",\"Ciudad_de_Nacimiento\":\"prueba\",\"Pa\\u00eds_de_Nacimiento_\":\"prueba\",\"Pa\\u00eds_de_Residencia_\":\"prueba\",\"Ciudad_de_Residencia\":\"prueba\",\"Predisposici\\u00f3n_para_trabajar_en_otro_paises\":\"Solo por el pa\\u00eds en el que resido\",\"Ciudades_y_Pa\\u00edses_en_las_que_te_gustar\\u00eda_trabajar\":\"prueba\",\"Cu\\u00e9ntanos,_en_breves_palabras,_lo_que_te_hace_un_gran_profesional_\":\"prueba\",\"\\u00bfQu\\u00e9_buscas?_(puedes_seleccionar_varias)\":\"Pr\\u00e1cticas de Revenue Manager\",\"A\\u00f1os_de_experiencia_totales_Mercado_1:_Indica_los_pa\\u00edses_y_ciudades_de_los_hoteles_donde_has_gestionado_las_estrategias_de_Revenue_y_los_a\\u00f1os_de_experiencia_\":\"prueba\",\"A\\u00f1os_de_experiencia_totales_Mercado_2:_Indica_los_pa\\u00edses_y_ciudades_de_los_hoteles_donde_has_gestionado_las_estrategias_de_Revenue_y_los_a\\u00f1os_de_experiencia\":\"prueba\",\"A\\u00f1os_de_experiencia_totales_Mercado_3:_Indica_los_pa\\u00edses_y_ciudades_de_los_hoteles_donde_has_gestionado_las_estrategias_de_Revenue_y_los_a\\u00f1os_de_experiencia\":\"prueba\",\"A\\u00f1os_de_experiencia_totales_Mercado_4:_Indica_los_pa\\u00edses_y_ciudades_de_los_hoteles_donde_has_gestionado_las_estrategias_de_Revenue_y_los_a\\u00f1os_de_experiencia\":\"prueba\",\"Indica_tu_experiencia_en_el_segmento_Urbano\":\"prueba\",\"Indica_tu_experiencia_en_el_segmento_Vacacional\":\"prueba\",\"Indica_tu_experiencia_en_Otros_segmentos\":\"prueba\",\"Indica_tu_experiencia_en_Rentals_\\/_Apartamentos_tur\\u00edsticos_\\/_Viviendas_de_uso_vacacional_\":\"prueba\",\"Cu\\u00e9ntanos_aquello_que_te_hace_grande_en_este_campo_\\u00bfalg\\u00fan_logro_que_quieras_destacar?\":\"prueba\",\"Indica_los_pa\\u00edses_donde_has_gestionado_las_estrategias_de_distribuci\\u00f3n_y_los_a\\u00f1os_de_experiencia\":\"prueba\",\"Experiencia_en_distribuci\\u00f3n_Online_(nivel)\":\"2\",\"Si_lo_deseas_cu\\u00e9ntanos_m\\u00e1s_sobre_tu_experiencia_en_distribuci\\u00f3n_online\":\"prueba\",\"Experiencia_en_distribuci\\u00f3n_Offline\":\"2\",\"Si_lo_deseas_cu\\u00e9ntanos_m\\u00e1s_sobre_tu_experiencia_en_distribuci\\u00f3n_offline\":\"prueba\",\"\\u00bfHas_hecho_Revenue_para_otros_sectores?_(campos_de_golf,_restaurantes,_lineas_a\\u00e9reas,_spas,_salones___)_\\u00a1Cu\\u00e9ntanos_tu_experiencia!\":\"prueba\",\"SEO_T\\u00e9cnico\":\"2\",\"SEO_Offpage_\":\"2\",\"SEM\":\"2\",\"RRSS\":\"2\",\"Email_Marketing\":\"2\",\"Redacci\\u00f3n_de_contenidos_(Blogging_y_copywriting)\":\"2\",\"Dise\\u00f1o_de_Im\\u00e1genes\":\"2\",\"Edici\\u00f3n_de_video\":\"2\",\"Embudos_de_Conversi\\u00f3n\":\"2\",\"Marketing_Tradicional_(relaci\\u00f3n_con_medios,_radio,_prensa,_carteler\\u00eda)\":\"2\",\"Planificaci\\u00f3n_de_estrategias_de_Marketing_Digital\":\"2\",\"Control_de_Gesti\\u00f3n_y_costes_Nivel\":\"2\",\"u\\u00e9ntanos_aquello_que_te_hace_grande_en_este_campo_\\u00bfalg\\u00fan_logro_que_quieras_destacar?\":\"prueba\",\"\\u00bfHas_dado_conferencias_y\\/o_escrito_en_medios_profesionales_del_sector_Hotelero?_(en_caso_afirmativo_indica_todo_lo_que_pueda_ayudarnos_a_conocerte_mejor)_\":\"prueba\",\"\\u00bfDonde_has_aprendido_Revenue_Management?_(en_caso_de_no_tener_formaci\\u00f3n_sobre_esta_materia_ind\\u00edcalo)\":\"prueba\",\"\\u00bfDonde_has_aprendido_Marketing_Hotelero?_(en_caso_de_no_tener_formaci\\u00f3n_sobre_esta_materia_ind\\u00edcalo)\":\"prueba\",\"\\u00bfDonde_has_aprendido_Control_de_gesti\\u00f3n?_(en_caso_de_no_tener_formaci\\u00f3n_sobre_esta_materia_ind\\u00edcalo)\":\"prueba\",\"Ingl\\u00e9s\":\"Soy capaz de mantener una conversaci\\u00f3n y comunicarme por email con mucha soltura y he vivido en un pa\\u00eds en el que se habla esta lengua durante m\\u00e1s de 5 meses (nivel 8-10 sobre 10)\",\"Franc\\u00e9s\":\"Soy capaz de mantener una conversaci\\u00f3n y comunicarme por email con mucha soltura y he vivido en un pa\\u00eds en el que se habla esta lengua durante m\\u00e1s de 5 meses (nivel 8-10 sobre 10)\",\"Alem\\u00e1n\":\"Soy capaz de mantener una conversaci\\u00f3n y comunicarme por email con mucha soltura y he vivido en un pa\\u00eds en el que se habla esta lengua durante m\\u00e1s de 5 meses (nivel 8-10 sobre 10)\",\"Indica_Conocimientos_en_otros_idiomas_(o_explicaciones_extra_sobre_los_anteriores_tales_como_titulaciones_etc___)\":\"prueba\",\"Excel\":\"Tengo conocimientos b\\u00e1sicos (dar formato)\",\"PMS_(Indica_qu\\u00e9_herramientas_de_este_tipo_conoces_y_tu_nivel_de_conocimiento_en_cada_una)_\":\"prueba\",\"Channel_Manager_(Indica_qu\\u00e9_herramientas_de_este_tipo_conoces_y_tu_nivel_de_conocimiento_en_cada_una)\":\"prueba\",\"RMS(Indica_qu\\u00e9_herramientas_de_este_tipo_conoces_y_tu_nivel_de_conocimiento_en_cada_una)\":\"prueba\",\"Reviewer_(reputaci\\u00f3n_online)_(Indica_qu\\u00e9_herramientas_de_este_tipo_conoces_y_tu_nivel_de_conocimiento_en_cada_una)\":\"prueba\",\"Shopper_(Indica_qu\\u00e9_herramientas_de_este_tipo_conoces_y_tu_nivel_de_conocimiento_en_cada_una)\":\"prueba\",\"Power_Bi_(Indica_tu_nivel_de_conocimiento)\":\"prueba\",\"CRM(Indica_qu\\u00e9_herramientas_de_este_tipo_conoces_y_tu_nivel_de_conocimiento_en_cada_una)_\":\"prueba\",\"GDS_(Indica_cu\\u00e1les_conoces_y_tu_nivel_de_conocimiento_en_cada_uno)\":\"prueba\",\"Python,_R_u_otras_herramaientas_de_an\\u00e1lisis_de_datos\":\"prueba\",\"Carnet_de_conducir\":\"Si\",\"Veh\\u00edculo_propio\":\"Si\",\"Acepto_la_pol\\u00edtica_de_privacidad_\":\"Si\",\"0\":\"Si\"}', '19/02/2020'),
(13, '{\"Correo\":\"ysrr27@gmail.com\",\"Nombre_\":\"prueba\",\"Apellido\":\"prueba\",\"Tel\\u00e9fono\":\"prueba\",\"Fecha_de_nacimiento\":\"02\\/19\\/2020\",\"Blog_\\/_canal_de_Youtube_u_otro_perfil_donde_transmitas_tus_conocimientos\":\"\",\"Perfil_de_Facebook_(indica_la_url_completa)\":\"\",\"Perfil_de_Instagram_(indica_la_url_completa)\":\"\",\"Perfil_de_Linkedin_(indica_la_url_completa)\":\"\",\"Perfil_de_Twitter_(indica_la_url_completa)\":\"\",\"Ciudad_de_Nacimiento\":\"prueba\",\"Pa\\u00eds_de_Nacimiento_\":\"prueba\",\"Pa\\u00eds_de_Residencia_\":\"prueba\",\"Ciudad_de_Residencia\":\"prueba\",\"Predisposici\\u00f3n_para_trabajar_en_otro_paises\":\"Solo por el pa\\u00eds en el que resido\",\"Ciudades_y_Pa\\u00edses_en_las_que_te_gustar\\u00eda_trabajar\":\"prueba\",\"Cu\\u00e9ntanos,_en_breves_palabras,_lo_que_te_hace_un_gran_profesional_\":\"prueba\",\"\\u00bfQu\\u00e9_buscas?_(puedes_seleccionar_varias)\":\"Pr\\u00e1cticas de Revenue Manager\",\"A\\u00f1os_de_experiencia_totales_Mercado_1:_Indica_los_pa\\u00edses_y_ciudades_de_los_hoteles_donde_has_gestionado_las_estrategias_de_Revenue_y_los_a\\u00f1os_de_experiencia_\":\"prueba\",\"A\\u00f1os_de_experiencia_totales_Mercado_2:_Indica_los_pa\\u00edses_y_ciudades_de_los_hoteles_donde_has_gestionado_las_estrategias_de_Revenue_y_los_a\\u00f1os_de_experiencia\":\"prueba\",\"A\\u00f1os_de_experiencia_totales_Mercado_3:_Indica_los_pa\\u00edses_y_ciudades_de_los_hoteles_donde_has_gestionado_las_estrategias_de_Revenue_y_los_a\\u00f1os_de_experiencia\":\"prueba\",\"A\\u00f1os_de_experiencia_totales_Mercado_4:_Indica_los_pa\\u00edses_y_ciudades_de_los_hoteles_donde_has_gestionado_las_estrategias_de_Revenue_y_los_a\\u00f1os_de_experiencia\":\"prueba\",\"Indica_tu_experiencia_en_el_segmento_Urbano\":\"prueba\",\"Indica_tu_experiencia_en_el_segmento_Vacacional\":\"prueba\",\"Indica_tu_experiencia_en_Otros_segmentos\":\"prueba\",\"Indica_tu_experiencia_en_Rentals_\\/_Apartamentos_tur\\u00edsticos_\\/_Viviendas_de_uso_vacacional_\":\"prueba\",\"Cu\\u00e9ntanos_aquello_que_te_hace_grande_en_este_campo_\\u00bfalg\\u00fan_logro_que_quieras_destacar?\":\"prueba\",\"Indica_los_pa\\u00edses_donde_has_gestionado_las_estrategias_de_distribuci\\u00f3n_y_los_a\\u00f1os_de_experiencia\":\"prueba\",\"Experiencia_en_distribuci\\u00f3n_Online_(nivel)\":\"2\",\"Si_lo_deseas_cu\\u00e9ntanos_m\\u00e1s_sobre_tu_experiencia_en_distribuci\\u00f3n_online\":\"prueba\",\"Experiencia_en_distribuci\\u00f3n_Offline\":\"2\",\"Si_lo_deseas_cu\\u00e9ntanos_m\\u00e1s_sobre_tu_experiencia_en_distribuci\\u00f3n_offline\":\"prueba\",\"\\u00bfHas_hecho_Revenue_para_otros_sectores?_(campos_de_golf,_restaurantes,_lineas_a\\u00e9reas,_spas,_salones___)_\\u00a1Cu\\u00e9ntanos_tu_experiencia!\":\"prueba\",\"SEO_T\\u00e9cnico\":\"2\",\"SEO_Offpage_\":\"2\",\"SEM\":\"2\",\"RRSS\":\"2\",\"Email_Marketing\":\"2\",\"Redacci\\u00f3n_de_contenidos_(Blogging_y_copywriting)\":\"2\",\"Dise\\u00f1o_de_Im\\u00e1genes\":\"2\",\"Edici\\u00f3n_de_video\":\"2\",\"Embudos_de_Conversi\\u00f3n\":\"2\",\"Marketing_Tradicional_(relaci\\u00f3n_con_medios,_radio,_prensa,_carteler\\u00eda)\":\"2\",\"Planificaci\\u00f3n_de_estrategias_de_Marketing_Digital\":\"2\",\"Control_de_Gesti\\u00f3n_y_costes_Nivel\":\"2\",\"u\\u00e9ntanos_aquello_que_te_hace_grande_en_este_campo_\\u00bfalg\\u00fan_logro_que_quieras_destacar?\":\"prueba\",\"\\u00bfHas_dado_conferencias_y\\/o_escrito_en_medios_profesionales_del_sector_Hotelero?_(en_caso_afirmativo_indica_todo_lo_que_pueda_ayudarnos_a_conocerte_mejor)_\":\"prueba\",\"\\u00bfDonde_has_aprendido_Revenue_Management?_(en_caso_de_no_tener_formaci\\u00f3n_sobre_esta_materia_ind\\u00edcalo)\":\"prueba\",\"\\u00bfDonde_has_aprendido_Marketing_Hotelero?_(en_caso_de_no_tener_formaci\\u00f3n_sobre_esta_materia_ind\\u00edcalo)\":\"prueba\",\"\\u00bfDonde_has_aprendido_Control_de_gesti\\u00f3n?_(en_caso_de_no_tener_formaci\\u00f3n_sobre_esta_materia_ind\\u00edcalo)\":\"prueba\",\"Ingl\\u00e9s\":\"Soy capaz de mantener una conversaci\\u00f3n y comunicarme por email con mucha soltura y he vivido en un pa\\u00eds en el que se habla esta lengua durante m\\u00e1s de 5 meses (nivel 8-10 sobre 10)\",\"Franc\\u00e9s\":\"Soy capaz de mantener una conversaci\\u00f3n y comunicarme por email con mucha soltura y he vivido en un pa\\u00eds en el que se habla esta lengua durante m\\u00e1s de 5 meses (nivel 8-10 sobre 10)\",\"Alem\\u00e1n\":\"Soy capaz de mantener una conversaci\\u00f3n y comunicarme por email con mucha soltura y he vivido en un pa\\u00eds en el que se habla esta lengua durante m\\u00e1s de 5 meses (nivel 8-10 sobre 10)\",\"Indica_Conocimientos_en_otros_idiomas_(o_explicaciones_extra_sobre_los_anteriores_tales_como_titulaciones_etc___)\":\"prueba\",\"Excel\":\"Tengo conocimientos b\\u00e1sicos (dar formato)\",\"PMS_(Indica_qu\\u00e9_herramientas_de_este_tipo_conoces_y_tu_nivel_de_conocimiento_en_cada_una)_\":\"prueba\",\"Channel_Manager_(Indica_qu\\u00e9_herramientas_de_este_tipo_conoces_y_tu_nivel_de_conocimiento_en_cada_una)\":\"prueba\",\"RMS(Indica_qu\\u00e9_herramientas_de_este_tipo_conoces_y_tu_nivel_de_conocimiento_en_cada_una)\":\"prueba\",\"Reviewer_(reputaci\\u00f3n_online)_(Indica_qu\\u00e9_herramientas_de_este_tipo_conoces_y_tu_nivel_de_conocimiento_en_cada_una)\":\"prueba\",\"Shopper_(Indica_qu\\u00e9_herramientas_de_este_tipo_conoces_y_tu_nivel_de_conocimiento_en_cada_una)\":\"prueba\",\"Power_Bi_(Indica_tu_nivel_de_conocimiento)\":\"prueba\",\"CRM(Indica_qu\\u00e9_herramientas_de_este_tipo_conoces_y_tu_nivel_de_conocimiento_en_cada_una)_\":\"prueba\",\"GDS_(Indica_cu\\u00e1les_conoces_y_tu_nivel_de_conocimiento_en_cada_uno)\":\"prueba\",\"Python,_R_u_otras_herramaientas_de_an\\u00e1lisis_de_datos\":\"prueba\",\"Carnet_de_conducir\":\"Si\",\"Veh\\u00edculo_propio\":\"Si\",\"Acepto_la_pol\\u00edtica_de_privacidad_\":\"Si\",\"0\":\"Si\"}', '19/02/2020'),
(14, '{\"Correo\":\"ysrr27@gmail.com\",\"Nombre_\":\"prueba\",\"Apellido\":\"prueba\",\"Tel\\u00e9fono\":\"prueba\",\"Fecha_de_nacimiento\":\"02\\/19\\/2020\",\"Blog_\\/_canal_de_Youtube_u_otro_perfil_donde_transmitas_tus_conocimientos\":\"\",\"Perfil_de_Facebook_(indica_la_url_completa)\":\"\",\"Perfil_de_Instagram_(indica_la_url_completa)\":\"\",\"Perfil_de_Linkedin_(indica_la_url_completa)\":\"\",\"Perfil_de_Twitter_(indica_la_url_completa)\":\"\",\"Ciudad_de_Nacimiento\":\"prueba\",\"Pa\\u00eds_de_Nacimiento_\":\"prueba\",\"Pa\\u00eds_de_Residencia_\":\"prueba\",\"Ciudad_de_Residencia\":\"prueba\",\"Predisposici\\u00f3n_para_trabajar_en_otro_paises\":\"Solo por el pa\\u00eds en el que resido\",\"Ciudades_y_Pa\\u00edses_en_las_que_te_gustar\\u00eda_trabajar\":\"prueba\",\"Cu\\u00e9ntanos,_en_breves_palabras,_lo_que_te_hace_un_gran_profesional_\":\"prueba\",\"\\u00bfQu\\u00e9_buscas?_(puedes_seleccionar_varias)\":\"Pr\\u00e1cticas de Revenue Manager\",\"A\\u00f1os_de_experiencia_totales_Mercado_1:_Indica_los_pa\\u00edses_y_ciudades_de_los_hoteles_donde_has_gestionado_las_estrategias_de_Revenue_y_los_a\\u00f1os_de_experiencia_\":\"prueba\",\"A\\u00f1os_de_experiencia_totales_Mercado_2:_Indica_los_pa\\u00edses_y_ciudades_de_los_hoteles_donde_has_gestionado_las_estrategias_de_Revenue_y_los_a\\u00f1os_de_experiencia\":\"prueba\",\"A\\u00f1os_de_experiencia_totales_Mercado_3:_Indica_los_pa\\u00edses_y_ciudades_de_los_hoteles_donde_has_gestionado_las_estrategias_de_Revenue_y_los_a\\u00f1os_de_experiencia\":\"prueba\",\"A\\u00f1os_de_experiencia_totales_Mercado_4:_Indica_los_pa\\u00edses_y_ciudades_de_los_hoteles_donde_has_gestionado_las_estrategias_de_Revenue_y_los_a\\u00f1os_de_experiencia\":\"prueba\",\"Indica_tu_experiencia_en_el_segmento_Urbano\":\"prueba\",\"Indica_tu_experiencia_en_el_segmento_Vacacional\":\"prueba\",\"Indica_tu_experiencia_en_Otros_segmentos\":\"prueba\",\"Indica_tu_experiencia_en_Rentals_\\/_Apartamentos_tur\\u00edsticos_\\/_Viviendas_de_uso_vacacional_\":\"prueba\",\"Cu\\u00e9ntanos_aquello_que_te_hace_grande_en_este_campo_\\u00bfalg\\u00fan_logro_que_quieras_destacar?\":\"prueba\",\"Indica_los_pa\\u00edses_donde_has_gestionado_las_estrategias_de_distribuci\\u00f3n_y_los_a\\u00f1os_de_experiencia\":\"prueba\",\"Experiencia_en_distribuci\\u00f3n_Online_(nivel)\":\"2\",\"Si_lo_deseas_cu\\u00e9ntanos_m\\u00e1s_sobre_tu_experiencia_en_distribuci\\u00f3n_online\":\"prueba\",\"Experiencia_en_distribuci\\u00f3n_Offline\":\"2\",\"Si_lo_deseas_cu\\u00e9ntanos_m\\u00e1s_sobre_tu_experiencia_en_distribuci\\u00f3n_offline\":\"prueba\",\"\\u00bfHas_hecho_Revenue_para_otros_sectores?_(campos_de_golf,_restaurantes,_lineas_a\\u00e9reas,_spas,_salones___)_\\u00a1Cu\\u00e9ntanos_tu_experiencia!\":\"prueba\",\"SEO_T\\u00e9cnico\":\"2\",\"SEO_Offpage_\":\"2\",\"SEM\":\"2\",\"RRSS\":\"2\",\"Email_Marketing\":\"2\",\"Redacci\\u00f3n_de_contenidos_(Blogging_y_copywriting)\":\"2\",\"Dise\\u00f1o_de_Im\\u00e1genes\":\"2\",\"Edici\\u00f3n_de_video\":\"2\",\"Embudos_de_Conversi\\u00f3n\":\"2\",\"Marketing_Tradicional_(relaci\\u00f3n_con_medios,_radio,_prensa,_carteler\\u00eda)\":\"2\",\"Planificaci\\u00f3n_de_estrategias_de_Marketing_Digital\":\"2\",\"Control_de_Gesti\\u00f3n_y_costes_Nivel\":\"2\",\"u\\u00e9ntanos_aquello_que_te_hace_grande_en_este_campo_\\u00bfalg\\u00fan_logro_que_quieras_destacar?\":\"prueba\",\"\\u00bfHas_dado_conferencias_y\\/o_escrito_en_medios_profesionales_del_sector_Hotelero?_(en_caso_afirmativo_indica_todo_lo_que_pueda_ayudarnos_a_conocerte_mejor)_\":\"prueba\",\"\\u00bfDonde_has_aprendido_Revenue_Management?_(en_caso_de_no_tener_formaci\\u00f3n_sobre_esta_materia_ind\\u00edcalo)\":\"prueba\",\"\\u00bfDonde_has_aprendido_Marketing_Hotelero?_(en_caso_de_no_tener_formaci\\u00f3n_sobre_esta_materia_ind\\u00edcalo)\":\"prueba\",\"\\u00bfDonde_has_aprendido_Control_de_gesti\\u00f3n?_(en_caso_de_no_tener_formaci\\u00f3n_sobre_esta_materia_ind\\u00edcalo)\":\"prueba\",\"Ingl\\u00e9s\":\"Soy capaz de mantener una conversaci\\u00f3n y comunicarme por email con mucha soltura y he vivido en un pa\\u00eds en el que se habla esta lengua durante m\\u00e1s de 5 meses (nivel 8-10 sobre 10)\",\"Franc\\u00e9s\":\"Soy capaz de mantener una conversaci\\u00f3n y comunicarme por email con mucha soltura y he vivido en un pa\\u00eds en el que se habla esta lengua durante m\\u00e1s de 5 meses (nivel 8-10 sobre 10)\",\"Alem\\u00e1n\":\"Soy capaz de mantener una conversaci\\u00f3n y comunicarme por email con mucha soltura y he vivido en un pa\\u00eds en el que se habla esta lengua durante m\\u00e1s de 5 meses (nivel 8-10 sobre 10)\",\"Indica_Conocimientos_en_otros_idiomas_(o_explicaciones_extra_sobre_los_anteriores_tales_como_titulaciones_etc___)\":\"prueba\",\"Excel\":\"Tengo conocimientos b\\u00e1sicos (dar formato)\",\"PMS_(Indica_qu\\u00e9_herramientas_de_este_tipo_conoces_y_tu_nivel_de_conocimiento_en_cada_una)_\":\"prueba\",\"Channel_Manager_(Indica_qu\\u00e9_herramientas_de_este_tipo_conoces_y_tu_nivel_de_conocimiento_en_cada_una)\":\"prueba\",\"RMS(Indica_qu\\u00e9_herramientas_de_este_tipo_conoces_y_tu_nivel_de_conocimiento_en_cada_una)\":\"prueba\",\"Reviewer_(reputaci\\u00f3n_online)_(Indica_qu\\u00e9_herramientas_de_este_tipo_conoces_y_tu_nivel_de_conocimiento_en_cada_una)\":\"prueba\",\"Shopper_(Indica_qu\\u00e9_herramientas_de_este_tipo_conoces_y_tu_nivel_de_conocimiento_en_cada_una)\":\"prueba\",\"Power_Bi_(Indica_tu_nivel_de_conocimiento)\":\"prueba\",\"CRM(Indica_qu\\u00e9_herramientas_de_este_tipo_conoces_y_tu_nivel_de_conocimiento_en_cada_una)_\":\"prueba\",\"GDS_(Indica_cu\\u00e1les_conoces_y_tu_nivel_de_conocimiento_en_cada_uno)\":\"prueba\",\"Python,_R_u_otras_herramaientas_de_an\\u00e1lisis_de_datos\":\"prueba\",\"Carnet_de_conducir\":\"Si\",\"Veh\\u00edculo_propio\":\"Si\",\"Acepto_la_pol\\u00edtica_de_privacidad_\":\"Si\",\"0\":\"Si\"}', '19/02/2020'),
(15, '{\"Correo\":\"ysrr27@gmail.com\",\"Nombre_\":\"prueba\",\"Apellido\":\"prueba\",\"Tel\\u00e9fono\":\"prueba\",\"Fecha_de_nacimiento\":\"02\\/19\\/2020\",\"Blog_\\/_canal_de_Youtube_u_otro_perfil_donde_transmitas_tus_conocimientos\":\"\",\"Perfil_de_Facebook_(indica_la_url_completa)\":\"\",\"Perfil_de_Instagram_(indica_la_url_completa)\":\"\",\"Perfil_de_Linkedin_(indica_la_url_completa)\":\"\",\"Perfil_de_Twitter_(indica_la_url_completa)\":\"\",\"Ciudad_de_Nacimiento\":\"prueba\",\"Pa\\u00eds_de_Nacimiento_\":\"prueba\",\"Pa\\u00eds_de_Residencia_\":\"prueba\",\"Ciudad_de_Residencia\":\"prueba\",\"Predisposici\\u00f3n_para_trabajar_en_otro_paises\":\"Solo por el pa\\u00eds en el que resido\",\"Ciudades_y_Pa\\u00edses_en_las_que_te_gustar\\u00eda_trabajar\":\"prueba\",\"Cu\\u00e9ntanos,_en_breves_palabras,_lo_que_te_hace_un_gran_profesional_\":\"prueba\",\"\\u00bfQu\\u00e9_buscas?_(puedes_seleccionar_varias)\":\"Pr\\u00e1cticas de Revenue Manager\",\"A\\u00f1os_de_experiencia_totales_Mercado_1:_Indica_los_pa\\u00edses_y_ciudades_de_los_hoteles_donde_has_gestionado_las_estrategias_de_Revenue_y_los_a\\u00f1os_de_experiencia_\":\"prueba\",\"A\\u00f1os_de_experiencia_totales_Mercado_2:_Indica_los_pa\\u00edses_y_ciudades_de_los_hoteles_donde_has_gestionado_las_estrategias_de_Revenue_y_los_a\\u00f1os_de_experiencia\":\"prueba\",\"A\\u00f1os_de_experiencia_totales_Mercado_3:_Indica_los_pa\\u00edses_y_ciudades_de_los_hoteles_donde_has_gestionado_las_estrategias_de_Revenue_y_los_a\\u00f1os_de_experiencia\":\"prueba\",\"A\\u00f1os_de_experiencia_totales_Mercado_4:_Indica_los_pa\\u00edses_y_ciudades_de_los_hoteles_donde_has_gestionado_las_estrategias_de_Revenue_y_los_a\\u00f1os_de_experiencia\":\"prueba\",\"Indica_tu_experiencia_en_el_segmento_Urbano\":\"prueba\",\"Indica_tu_experiencia_en_el_segmento_Vacacional\":\"prueba\",\"Indica_tu_experiencia_en_Otros_segmentos\":\"prueba\",\"Indica_tu_experiencia_en_Rentals_\\/_Apartamentos_tur\\u00edsticos_\\/_Viviendas_de_uso_vacacional_\":\"prueba\",\"Cu\\u00e9ntanos_aquello_que_te_hace_grande_en_este_campo_\\u00bfalg\\u00fan_logro_que_quieras_destacar?\":\"prueba\",\"Indica_los_pa\\u00edses_donde_has_gestionado_las_estrategias_de_distribuci\\u00f3n_y_los_a\\u00f1os_de_experiencia\":\"prueba\",\"Experiencia_en_distribuci\\u00f3n_Online_(nivel)\":\"2\",\"Si_lo_deseas_cu\\u00e9ntanos_m\\u00e1s_sobre_tu_experiencia_en_distribuci\\u00f3n_online\":\"prueba\",\"Experiencia_en_distribuci\\u00f3n_Offline\":\"2\",\"Si_lo_deseas_cu\\u00e9ntanos_m\\u00e1s_sobre_tu_experiencia_en_distribuci\\u00f3n_offline\":\"prueba\",\"\\u00bfHas_hecho_Revenue_para_otros_sectores?_(campos_de_golf,_restaurantes,_lineas_a\\u00e9reas,_spas,_salones___)_\\u00a1Cu\\u00e9ntanos_tu_experiencia!\":\"prueba\",\"SEO_T\\u00e9cnico\":\"2\",\"SEO_Offpage_\":\"2\",\"SEM\":\"2\",\"RRSS\":\"2\",\"Email_Marketing\":\"2\",\"Redacci\\u00f3n_de_contenidos_(Blogging_y_copywriting)\":\"2\",\"Dise\\u00f1o_de_Im\\u00e1genes\":\"2\",\"Edici\\u00f3n_de_video\":\"2\",\"Embudos_de_Conversi\\u00f3n\":\"2\",\"Marketing_Tradicional_(relaci\\u00f3n_con_medios,_radio,_prensa,_carteler\\u00eda)\":\"2\",\"Planificaci\\u00f3n_de_estrategias_de_Marketing_Digital\":\"2\",\"Control_de_Gesti\\u00f3n_y_costes_Nivel\":\"2\",\"u\\u00e9ntanos_aquello_que_te_hace_grande_en_este_campo_\\u00bfalg\\u00fan_logro_que_quieras_destacar?\":\"prueba\",\"\\u00bfHas_dado_conferencias_y\\/o_escrito_en_medios_profesionales_del_sector_Hotelero?_(en_caso_afirmativo_indica_todo_lo_que_pueda_ayudarnos_a_conocerte_mejor)_\":\"prueba\",\"\\u00bfDonde_has_aprendido_Revenue_Management?_(en_caso_de_no_tener_formaci\\u00f3n_sobre_esta_materia_ind\\u00edcalo)\":\"prueba\",\"\\u00bfDonde_has_aprendido_Marketing_Hotelero?_(en_caso_de_no_tener_formaci\\u00f3n_sobre_esta_materia_ind\\u00edcalo)\":\"prueba\",\"\\u00bfDonde_has_aprendido_Control_de_gesti\\u00f3n?_(en_caso_de_no_tener_formaci\\u00f3n_sobre_esta_materia_ind\\u00edcalo)\":\"prueba\",\"Ingl\\u00e9s\":\"Soy capaz de mantener una conversaci\\u00f3n y comunicarme por email con mucha soltura y he vivido en un pa\\u00eds en el que se habla esta lengua durante m\\u00e1s de 5 meses (nivel 8-10 sobre 10)\",\"Franc\\u00e9s\":\"Soy capaz de mantener una conversaci\\u00f3n y comunicarme por email con mucha soltura y he vivido en un pa\\u00eds en el que se habla esta lengua durante m\\u00e1s de 5 meses (nivel 8-10 sobre 10)\",\"Alem\\u00e1n\":\"Soy capaz de mantener una conversaci\\u00f3n y comunicarme por email con mucha soltura y he vivido en un pa\\u00eds en el que se habla esta lengua durante m\\u00e1s de 5 meses (nivel 8-10 sobre 10)\",\"Indica_Conocimientos_en_otros_idiomas_(o_explicaciones_extra_sobre_los_anteriores_tales_como_titulaciones_etc___)\":\"prueba\",\"Excel\":\"Tengo conocimientos b\\u00e1sicos (dar formato)\",\"PMS_(Indica_qu\\u00e9_herramientas_de_este_tipo_conoces_y_tu_nivel_de_conocimiento_en_cada_una)_\":\"prueba\",\"Channel_Manager_(Indica_qu\\u00e9_herramientas_de_este_tipo_conoces_y_tu_nivel_de_conocimiento_en_cada_una)\":\"prueba\",\"RMS(Indica_qu\\u00e9_herramientas_de_este_tipo_conoces_y_tu_nivel_de_conocimiento_en_cada_una)\":\"prueba\",\"Reviewer_(reputaci\\u00f3n_online)_(Indica_qu\\u00e9_herramientas_de_este_tipo_conoces_y_tu_nivel_de_conocimiento_en_cada_una)\":\"prueba\",\"Shopper_(Indica_qu\\u00e9_herramientas_de_este_tipo_conoces_y_tu_nivel_de_conocimiento_en_cada_una)\":\"prueba\",\"Power_Bi_(Indica_tu_nivel_de_conocimiento)\":\"prueba\",\"CRM(Indica_qu\\u00e9_herramientas_de_este_tipo_conoces_y_tu_nivel_de_conocimiento_en_cada_una)_\":\"prueba\",\"GDS_(Indica_cu\\u00e1les_conoces_y_tu_nivel_de_conocimiento_en_cada_uno)\":\"prueba\",\"Python,_R_u_otras_herramaientas_de_an\\u00e1lisis_de_datos\":\"prueba\",\"Carnet_de_conducir\":\"Si\",\"Veh\\u00edculo_propio\":\"Si\",\"Acepto_la_pol\\u00edtica_de_privacidad_\":\"Si\",\"0\":\"Si\"}', '19/02/2020'),
(16, '{\"Correo\":\"ysrr27@gmail.com\",\"Nombre_\":\"prueba\",\"Apellido\":\"prueba\",\"Tel\\u00e9fono\":\"prueba\",\"Fecha_de_nacimiento\":\"02\\/19\\/2020\",\"Blog_\\/_canal_de_Youtube_u_otro_perfil_donde_transmitas_tus_conocimientos\":\"\",\"Perfil_de_Facebook_(indica_la_url_completa)\":\"\",\"Perfil_de_Instagram_(indica_la_url_completa)\":\"\",\"Perfil_de_Linkedin_(indica_la_url_completa)\":\"\",\"Perfil_de_Twitter_(indica_la_url_completa)\":\"\",\"Ciudad_de_Nacimiento\":\"prueba\",\"Pa\\u00eds_de_Nacimiento_\":\"prueba\",\"Pa\\u00eds_de_Residencia_\":\"prueba\",\"Ciudad_de_Residencia\":\"prueba\",\"Predisposici\\u00f3n_para_trabajar_en_otro_paises\":\"Solo por el pa\\u00eds en el que resido\",\"Ciudades_y_Pa\\u00edses_en_las_que_te_gustar\\u00eda_trabajar\":\"prueba\",\"Cu\\u00e9ntanos,_en_breves_palabras,_lo_que_te_hace_un_gran_profesional_\":\"prueba\",\"\\u00bfQu\\u00e9_buscas?_(puedes_seleccionar_varias)\":\"Pr\\u00e1cticas de Revenue Manager\",\"A\\u00f1os_de_experiencia_totales_Mercado_1:_Indica_los_pa\\u00edses_y_ciudades_de_los_hoteles_donde_has_gestionado_las_estrategias_de_Revenue_y_los_a\\u00f1os_de_experiencia_\":\"prueba\",\"A\\u00f1os_de_experiencia_totales_Mercado_2:_Indica_los_pa\\u00edses_y_ciudades_de_los_hoteles_donde_has_gestionado_las_estrategias_de_Revenue_y_los_a\\u00f1os_de_experiencia\":\"prueba\",\"A\\u00f1os_de_experiencia_totales_Mercado_3:_Indica_los_pa\\u00edses_y_ciudades_de_los_hoteles_donde_has_gestionado_las_estrategias_de_Revenue_y_los_a\\u00f1os_de_experiencia\":\"prueba\",\"A\\u00f1os_de_experiencia_totales_Mercado_4:_Indica_los_pa\\u00edses_y_ciudades_de_los_hoteles_donde_has_gestionado_las_estrategias_de_Revenue_y_los_a\\u00f1os_de_experiencia\":\"prueba\",\"Indica_tu_experiencia_en_el_segmento_Urbano\":\"prueba\",\"Indica_tu_experiencia_en_el_segmento_Vacacional\":\"prueba\",\"Indica_tu_experiencia_en_Otros_segmentos\":\"prueba\",\"Indica_tu_experiencia_en_Rentals_\\/_Apartamentos_tur\\u00edsticos_\\/_Viviendas_de_uso_vacacional_\":\"prueba\",\"Cu\\u00e9ntanos_aquello_que_te_hace_grande_en_este_campo_\\u00bfalg\\u00fan_logro_que_quieras_destacar?\":\"prueba\",\"Indica_los_pa\\u00edses_donde_has_gestionado_las_estrategias_de_distribuci\\u00f3n_y_los_a\\u00f1os_de_experiencia\":\"prueba\",\"Experiencia_en_distribuci\\u00f3n_Online_(nivel)\":\"2\",\"Si_lo_deseas_cu\\u00e9ntanos_m\\u00e1s_sobre_tu_experiencia_en_distribuci\\u00f3n_online\":\"prueba\",\"Experiencia_en_distribuci\\u00f3n_Offline\":\"2\",\"Si_lo_deseas_cu\\u00e9ntanos_m\\u00e1s_sobre_tu_experiencia_en_distribuci\\u00f3n_offline\":\"prueba\",\"\\u00bfHas_hecho_Revenue_para_otros_sectores?_(campos_de_golf,_restaurantes,_lineas_a\\u00e9reas,_spas,_salones___)_\\u00a1Cu\\u00e9ntanos_tu_experiencia!\":\"prueba\",\"SEO_T\\u00e9cnico\":\"2\",\"SEO_Offpage_\":\"2\",\"SEM\":\"2\",\"RRSS\":\"2\",\"Email_Marketing\":\"2\",\"Redacci\\u00f3n_de_contenidos_(Blogging_y_copywriting)\":\"2\",\"Dise\\u00f1o_de_Im\\u00e1genes\":\"2\",\"Edici\\u00f3n_de_video\":\"2\",\"Embudos_de_Conversi\\u00f3n\":\"2\",\"Marketing_Tradicional_(relaci\\u00f3n_con_medios,_radio,_prensa,_carteler\\u00eda)\":\"2\",\"Planificaci\\u00f3n_de_estrategias_de_Marketing_Digital\":\"2\",\"Control_de_Gesti\\u00f3n_y_costes_Nivel\":\"2\",\"u\\u00e9ntanos_aquello_que_te_hace_grande_en_este_campo_\\u00bfalg\\u00fan_logro_que_quieras_destacar?\":\"prueba\",\"\\u00bfHas_dado_conferencias_y\\/o_escrito_en_medios_profesionales_del_sector_Hotelero?_(en_caso_afirmativo_indica_todo_lo_que_pueda_ayudarnos_a_conocerte_mejor)_\":\"prueba\",\"\\u00bfDonde_has_aprendido_Revenue_Management?_(en_caso_de_no_tener_formaci\\u00f3n_sobre_esta_materia_ind\\u00edcalo)\":\"prueba\",\"\\u00bfDonde_has_aprendido_Marketing_Hotelero?_(en_caso_de_no_tener_formaci\\u00f3n_sobre_esta_materia_ind\\u00edcalo)\":\"prueba\",\"\\u00bfDonde_has_aprendido_Control_de_gesti\\u00f3n?_(en_caso_de_no_tener_formaci\\u00f3n_sobre_esta_materia_ind\\u00edcalo)\":\"prueba\",\"Ingl\\u00e9s\":\"Soy capaz de mantener una conversaci\\u00f3n y comunicarme por email con mucha soltura y he vivido en un pa\\u00eds en el que se habla esta lengua durante m\\u00e1s de 5 meses (nivel 8-10 sobre 10)\",\"Franc\\u00e9s\":\"Soy capaz de mantener una conversaci\\u00f3n y comunicarme por email con mucha soltura y he vivido en un pa\\u00eds en el que se habla esta lengua durante m\\u00e1s de 5 meses (nivel 8-10 sobre 10)\",\"Alem\\u00e1n\":\"Soy capaz de mantener una conversaci\\u00f3n y comunicarme por email con mucha soltura y he vivido en un pa\\u00eds en el que se habla esta lengua durante m\\u00e1s de 5 meses (nivel 8-10 sobre 10)\",\"Indica_Conocimientos_en_otros_idiomas_(o_explicaciones_extra_sobre_los_anteriores_tales_como_titulaciones_etc___)\":\"prueba\",\"Excel\":\"Tengo conocimientos b\\u00e1sicos (dar formato)\",\"PMS_(Indica_qu\\u00e9_herramientas_de_este_tipo_conoces_y_tu_nivel_de_conocimiento_en_cada_una)_\":\"prueba\",\"Channel_Manager_(Indica_qu\\u00e9_herramientas_de_este_tipo_conoces_y_tu_nivel_de_conocimiento_en_cada_una)\":\"prueba\",\"RMS(Indica_qu\\u00e9_herramientas_de_este_tipo_conoces_y_tu_nivel_de_conocimiento_en_cada_una)\":\"prueba\",\"Reviewer_(reputaci\\u00f3n_online)_(Indica_qu\\u00e9_herramientas_de_este_tipo_conoces_y_tu_nivel_de_conocimiento_en_cada_una)\":\"prueba\",\"Shopper_(Indica_qu\\u00e9_herramientas_de_este_tipo_conoces_y_tu_nivel_de_conocimiento_en_cada_una)\":\"prueba\",\"Power_Bi_(Indica_tu_nivel_de_conocimiento)\":\"prueba\",\"CRM(Indica_qu\\u00e9_herramientas_de_este_tipo_conoces_y_tu_nivel_de_conocimiento_en_cada_una)_\":\"prueba\",\"GDS_(Indica_cu\\u00e1les_conoces_y_tu_nivel_de_conocimiento_en_cada_uno)\":\"prueba\",\"Python,_R_u_otras_herramaientas_de_an\\u00e1lisis_de_datos\":\"prueba\",\"Carnet_de_conducir\":\"Si\",\"Veh\\u00edculo_propio\":\"Si\",\"Acepto_la_pol\\u00edtica_de_privacidad_\":\"Si\",\"0\":\"Si\"}', '19/02/2020'),
(17, '{\"Correo\":\"ysrr27@gmail.com\",\"Nombre_\":\"prueba\",\"Apellido\":\"prueba\",\"Tel\\u00e9fono\":\"prueba\",\"Fecha_de_nacimiento\":\"02\\/19\\/2020\",\"Blog_\\/_canal_de_Youtube_u_otro_perfil_donde_transmitas_tus_conocimientos\":\"\",\"Perfil_de_Facebook_(indica_la_url_completa)\":\"\",\"Perfil_de_Instagram_(indica_la_url_completa)\":\"\",\"Perfil_de_Linkedin_(indica_la_url_completa)\":\"\",\"Perfil_de_Twitter_(indica_la_url_completa)\":\"\",\"Ciudad_de_Nacimiento\":\"prueba\",\"Pa\\u00eds_de_Nacimiento_\":\"prueba\",\"Pa\\u00eds_de_Residencia_\":\"prueba\",\"Ciudad_de_Residencia\":\"prueba\",\"Predisposici\\u00f3n_para_trabajar_en_otro_paises\":\"Solo por el pa\\u00eds en el que resido\",\"Ciudades_y_Pa\\u00edses_en_las_que_te_gustar\\u00eda_trabajar\":\"prueba\",\"Cu\\u00e9ntanos,_en_breves_palabras,_lo_que_te_hace_un_gran_profesional_\":\"prueba\",\"\\u00bfQu\\u00e9_buscas?_(puedes_seleccionar_varias)\":\"Pr\\u00e1cticas de Revenue Manager\",\"A\\u00f1os_de_experiencia_totales_Mercado_1:_Indica_los_pa\\u00edses_y_ciudades_de_los_hoteles_donde_has_gestionado_las_estrategias_de_Revenue_y_los_a\\u00f1os_de_experiencia_\":\"prueba\",\"A\\u00f1os_de_experiencia_totales_Mercado_2:_Indica_los_pa\\u00edses_y_ciudades_de_los_hoteles_donde_has_gestionado_las_estrategias_de_Revenue_y_los_a\\u00f1os_de_experiencia\":\"prueba\",\"A\\u00f1os_de_experiencia_totales_Mercado_3:_Indica_los_pa\\u00edses_y_ciudades_de_los_hoteles_donde_has_gestionado_las_estrategias_de_Revenue_y_los_a\\u00f1os_de_experiencia\":\"prueba\",\"A\\u00f1os_de_experiencia_totales_Mercado_4:_Indica_los_pa\\u00edses_y_ciudades_de_los_hoteles_donde_has_gestionado_las_estrategias_de_Revenue_y_los_a\\u00f1os_de_experiencia\":\"prueba\",\"Indica_tu_experiencia_en_el_segmento_Urbano\":\"prueba\",\"Indica_tu_experiencia_en_el_segmento_Vacacional\":\"prueba\",\"Indica_tu_experiencia_en_Otros_segmentos\":\"prueba\",\"Indica_tu_experiencia_en_Rentals_\\/_Apartamentos_tur\\u00edsticos_\\/_Viviendas_de_uso_vacacional_\":\"prueba\",\"Cu\\u00e9ntanos_aquello_que_te_hace_grande_en_este_campo_\\u00bfalg\\u00fan_logro_que_quieras_destacar?\":\"prueba\",\"Indica_los_pa\\u00edses_donde_has_gestionado_las_estrategias_de_distribuci\\u00f3n_y_los_a\\u00f1os_de_experiencia\":\"prueba\",\"Experiencia_en_distribuci\\u00f3n_Online_(nivel)\":\"2\",\"Si_lo_deseas_cu\\u00e9ntanos_m\\u00e1s_sobre_tu_experiencia_en_distribuci\\u00f3n_online\":\"prueba\",\"Experiencia_en_distribuci\\u00f3n_Offline\":\"2\",\"Si_lo_deseas_cu\\u00e9ntanos_m\\u00e1s_sobre_tu_experiencia_en_distribuci\\u00f3n_offline\":\"prueba\",\"\\u00bfHas_hecho_Revenue_para_otros_sectores?_(campos_de_golf,_restaurantes,_lineas_a\\u00e9reas,_spas,_salones___)_\\u00a1Cu\\u00e9ntanos_tu_experiencia!\":\"prueba\",\"SEO_T\\u00e9cnico\":\"2\",\"SEO_Offpage_\":\"2\",\"SEM\":\"2\",\"RRSS\":\"2\",\"Email_Marketing\":\"2\",\"Redacci\\u00f3n_de_contenidos_(Blogging_y_copywriting)\":\"2\",\"Dise\\u00f1o_de_Im\\u00e1genes\":\"2\",\"Edici\\u00f3n_de_video\":\"2\",\"Embudos_de_Conversi\\u00f3n\":\"2\",\"Marketing_Tradicional_(relaci\\u00f3n_con_medios,_radio,_prensa,_carteler\\u00eda)\":\"2\",\"Planificaci\\u00f3n_de_estrategias_de_Marketing_Digital\":\"2\",\"Control_de_Gesti\\u00f3n_y_costes_Nivel\":\"2\",\"u\\u00e9ntanos_aquello_que_te_hace_grande_en_este_campo_\\u00bfalg\\u00fan_logro_que_quieras_destacar?\":\"prueba\",\"\\u00bfHas_dado_conferencias_y\\/o_escrito_en_medios_profesionales_del_sector_Hotelero?_(en_caso_afirmativo_indica_todo_lo_que_pueda_ayudarnos_a_conocerte_mejor)_\":\"prueba\",\"\\u00bfDonde_has_aprendido_Revenue_Management?_(en_caso_de_no_tener_formaci\\u00f3n_sobre_esta_materia_ind\\u00edcalo)\":\"prueba\",\"\\u00bfDonde_has_aprendido_Marketing_Hotelero?_(en_caso_de_no_tener_formaci\\u00f3n_sobre_esta_materia_ind\\u00edcalo)\":\"prueba\",\"\\u00bfDonde_has_aprendido_Control_de_gesti\\u00f3n?_(en_caso_de_no_tener_formaci\\u00f3n_sobre_esta_materia_ind\\u00edcalo)\":\"prueba\",\"Ingl\\u00e9s\":\"Soy capaz de mantener una conversaci\\u00f3n y comunicarme por email con mucha soltura y he vivido en un pa\\u00eds en el que se habla esta lengua durante m\\u00e1s de 5 meses (nivel 8-10 sobre 10)\",\"Franc\\u00e9s\":\"Soy capaz de mantener una conversaci\\u00f3n y comunicarme por email con mucha soltura y he vivido en un pa\\u00eds en el que se habla esta lengua durante m\\u00e1s de 5 meses (nivel 8-10 sobre 10)\",\"Alem\\u00e1n\":\"Soy capaz de mantener una conversaci\\u00f3n y comunicarme por email con mucha soltura y he vivido en un pa\\u00eds en el que se habla esta lengua durante m\\u00e1s de 5 meses (nivel 8-10 sobre 10)\",\"Indica_Conocimientos_en_otros_idiomas_(o_explicaciones_extra_sobre_los_anteriores_tales_como_titulaciones_etc___)\":\"prueba\",\"Excel\":\"Tengo conocimientos b\\u00e1sicos (dar formato)\",\"PMS_(Indica_qu\\u00e9_herramientas_de_este_tipo_conoces_y_tu_nivel_de_conocimiento_en_cada_una)_\":\"prueba\",\"Channel_Manager_(Indica_qu\\u00e9_herramientas_de_este_tipo_conoces_y_tu_nivel_de_conocimiento_en_cada_una)\":\"prueba\",\"RMS(Indica_qu\\u00e9_herramientas_de_este_tipo_conoces_y_tu_nivel_de_conocimiento_en_cada_una)\":\"prueba\",\"Reviewer_(reputaci\\u00f3n_online)_(Indica_qu\\u00e9_herramientas_de_este_tipo_conoces_y_tu_nivel_de_conocimiento_en_cada_una)\":\"prueba\",\"Shopper_(Indica_qu\\u00e9_herramientas_de_este_tipo_conoces_y_tu_nivel_de_conocimiento_en_cada_una)\":\"prueba\",\"Power_Bi_(Indica_tu_nivel_de_conocimiento)\":\"prueba\",\"CRM(Indica_qu\\u00e9_herramientas_de_este_tipo_conoces_y_tu_nivel_de_conocimiento_en_cada_una)_\":\"prueba\",\"GDS_(Indica_cu\\u00e1les_conoces_y_tu_nivel_de_conocimiento_en_cada_uno)\":\"prueba\",\"Python,_R_u_otras_herramaientas_de_an\\u00e1lisis_de_datos\":\"prueba\",\"Carnet_de_conducir\":\"Si\",\"Veh\\u00edculo_propio\":\"Si\",\"Acepto_la_pol\\u00edtica_de_privacidad_\":\"Si\",\"0\":\"Si\"}', '19/02/2020'),
(18, '{\"Correo\":\"ysrr27@gmail.com\",\"Nombre_\":\"prueba\",\"Apellido\":\"prueba\",\"Tel\\u00e9fono\":\"prueba\",\"Fecha_de_nacimiento\":\"02\\/19\\/2020\",\"Blog_\\/_canal_de_Youtube_u_otro_perfil_donde_transmitas_tus_conocimientos\":\"\",\"Perfil_de_Facebook_(indica_la_url_completa)\":\"\",\"Perfil_de_Instagram_(indica_la_url_completa)\":\"\",\"Perfil_de_Linkedin_(indica_la_url_completa)\":\"\",\"Perfil_de_Twitter_(indica_la_url_completa)\":\"\",\"Ciudad_de_Nacimiento\":\"prueba\",\"Pa\\u00eds_de_Nacimiento_\":\"prueba\",\"Pa\\u00eds_de_Residencia_\":\"prueba\",\"Ciudad_de_Residencia\":\"prueba\",\"Predisposici\\u00f3n_para_trabajar_en_otro_paises\":\"Solo por el pa\\u00eds en el que resido\",\"Ciudades_y_Pa\\u00edses_en_las_que_te_gustar\\u00eda_trabajar\":\"prueba\",\"Cu\\u00e9ntanos,_en_breves_palabras,_lo_que_te_hace_un_gran_profesional_\":\"prueba\",\"\\u00bfQu\\u00e9_buscas?_(puedes_seleccionar_varias)\":\"Pr\\u00e1cticas de Revenue Manager\",\"A\\u00f1os_de_experiencia_totales_Mercado_1:_Indica_los_pa\\u00edses_y_ciudades_de_los_hoteles_donde_has_gestionado_las_estrategias_de_Revenue_y_los_a\\u00f1os_de_experiencia_\":\"prueba\",\"A\\u00f1os_de_experiencia_totales_Mercado_2:_Indica_los_pa\\u00edses_y_ciudades_de_los_hoteles_donde_has_gestionado_las_estrategias_de_Revenue_y_los_a\\u00f1os_de_experiencia\":\"prueba\",\"A\\u00f1os_de_experiencia_totales_Mercado_3:_Indica_los_pa\\u00edses_y_ciudades_de_los_hoteles_donde_has_gestionado_las_estrategias_de_Revenue_y_los_a\\u00f1os_de_experiencia\":\"prueba\",\"A\\u00f1os_de_experiencia_totales_Mercado_4:_Indica_los_pa\\u00edses_y_ciudades_de_los_hoteles_donde_has_gestionado_las_estrategias_de_Revenue_y_los_a\\u00f1os_de_experiencia\":\"prueba\",\"Indica_tu_experiencia_en_el_segmento_Urbano\":\"prueba\",\"Indica_tu_experiencia_en_el_segmento_Vacacional\":\"prueba\",\"Indica_tu_experiencia_en_Otros_segmentos\":\"prueba\",\"Indica_tu_experiencia_en_Rentals_\\/_Apartamentos_tur\\u00edsticos_\\/_Viviendas_de_uso_vacacional_\":\"prueba\",\"Cu\\u00e9ntanos_aquello_que_te_hace_grande_en_este_campo_\\u00bfalg\\u00fan_logro_que_quieras_destacar?\":\"prueba\",\"Indica_los_pa\\u00edses_donde_has_gestionado_las_estrategias_de_distribuci\\u00f3n_y_los_a\\u00f1os_de_experiencia\":\"prueba\",\"Experiencia_en_distribuci\\u00f3n_Online_(nivel)\":\"2\",\"Si_lo_deseas_cu\\u00e9ntanos_m\\u00e1s_sobre_tu_experiencia_en_distribuci\\u00f3n_online\":\"prueba\",\"Experiencia_en_distribuci\\u00f3n_Offline\":\"2\",\"Si_lo_deseas_cu\\u00e9ntanos_m\\u00e1s_sobre_tu_experiencia_en_distribuci\\u00f3n_offline\":\"prueba\",\"\\u00bfHas_hecho_Revenue_para_otros_sectores?_(campos_de_golf,_restaurantes,_lineas_a\\u00e9reas,_spas,_salones___)_\\u00a1Cu\\u00e9ntanos_tu_experiencia!\":\"prueba\",\"SEO_T\\u00e9cnico\":\"2\",\"SEO_Offpage_\":\"2\",\"SEM\":\"2\",\"RRSS\":\"2\",\"Email_Marketing\":\"2\",\"Redacci\\u00f3n_de_contenidos_(Blogging_y_copywriting)\":\"2\",\"Dise\\u00f1o_de_Im\\u00e1genes\":\"2\",\"Edici\\u00f3n_de_video\":\"2\",\"Embudos_de_Conversi\\u00f3n\":\"2\",\"Marketing_Tradicional_(relaci\\u00f3n_con_medios,_radio,_prensa,_carteler\\u00eda)\":\"2\",\"Planificaci\\u00f3n_de_estrategias_de_Marketing_Digital\":\"2\",\"Control_de_Gesti\\u00f3n_y_costes_Nivel\":\"2\",\"u\\u00e9ntanos_aquello_que_te_hace_grande_en_este_campo_\\u00bfalg\\u00fan_logro_que_quieras_destacar?\":\"prueba\",\"\\u00bfHas_dado_conferencias_y\\/o_escrito_en_medios_profesionales_del_sector_Hotelero?_(en_caso_afirmativo_indica_todo_lo_que_pueda_ayudarnos_a_conocerte_mejor)_\":\"prueba\",\"\\u00bfDonde_has_aprendido_Revenue_Management?_(en_caso_de_no_tener_formaci\\u00f3n_sobre_esta_materia_ind\\u00edcalo)\":\"prueba\",\"\\u00bfDonde_has_aprendido_Marketing_Hotelero?_(en_caso_de_no_tener_formaci\\u00f3n_sobre_esta_materia_ind\\u00edcalo)\":\"prueba\",\"\\u00bfDonde_has_aprendido_Control_de_gesti\\u00f3n?_(en_caso_de_no_tener_formaci\\u00f3n_sobre_esta_materia_ind\\u00edcalo)\":\"prueba\",\"Ingl\\u00e9s\":\"Soy capaz de mantener una conversaci\\u00f3n y comunicarme por email con mucha soltura y he vivido en un pa\\u00eds en el que se habla esta lengua durante m\\u00e1s de 5 meses (nivel 8-10 sobre 10)\",\"Franc\\u00e9s\":\"Soy capaz de mantener una conversaci\\u00f3n y comunicarme por email con mucha soltura y he vivido en un pa\\u00eds en el que se habla esta lengua durante m\\u00e1s de 5 meses (nivel 8-10 sobre 10)\",\"Alem\\u00e1n\":\"Soy capaz de mantener una conversaci\\u00f3n y comunicarme por email con mucha soltura y he vivido en un pa\\u00eds en el que se habla esta lengua durante m\\u00e1s de 5 meses (nivel 8-10 sobre 10)\",\"Indica_Conocimientos_en_otros_idiomas_(o_explicaciones_extra_sobre_los_anteriores_tales_como_titulaciones_etc___)\":\"prueba\",\"Excel\":\"Tengo conocimientos b\\u00e1sicos (dar formato)\",\"PMS_(Indica_qu\\u00e9_herramientas_de_este_tipo_conoces_y_tu_nivel_de_conocimiento_en_cada_una)_\":\"prueba\",\"Channel_Manager_(Indica_qu\\u00e9_herramientas_de_este_tipo_conoces_y_tu_nivel_de_conocimiento_en_cada_una)\":\"prueba\",\"RMS(Indica_qu\\u00e9_herramientas_de_este_tipo_conoces_y_tu_nivel_de_conocimiento_en_cada_una)\":\"prueba\",\"Reviewer_(reputaci\\u00f3n_online)_(Indica_qu\\u00e9_herramientas_de_este_tipo_conoces_y_tu_nivel_de_conocimiento_en_cada_una)\":\"prueba\",\"Shopper_(Indica_qu\\u00e9_herramientas_de_este_tipo_conoces_y_tu_nivel_de_conocimiento_en_cada_una)\":\"prueba\",\"Power_Bi_(Indica_tu_nivel_de_conocimiento)\":\"prueba\",\"CRM(Indica_qu\\u00e9_herramientas_de_este_tipo_conoces_y_tu_nivel_de_conocimiento_en_cada_una)_\":\"prueba\",\"GDS_(Indica_cu\\u00e1les_conoces_y_tu_nivel_de_conocimiento_en_cada_uno)\":\"prueba\",\"Python,_R_u_otras_herramaientas_de_an\\u00e1lisis_de_datos\":\"prueba\",\"Carnet_de_conducir\":\"Si\",\"Veh\\u00edculo_propio\":\"Si\",\"Acepto_la_pol\\u00edtica_de_privacidad_\":\"Si\",\"0\":\"Si\"}', '19/02/2020'),
(19, '{\"Correo\":\"ysrr27@gmail.com\",\"Nombre_\":\"prueba\",\"Apellido\":\"prueba\",\"Tel\\u00e9fono\":\"prueba\",\"Fecha_de_nacimiento\":\"02\\/19\\/2020\",\"Blog_\\/_canal_de_Youtube_u_otro_perfil_donde_transmitas_tus_conocimientos\":\"\",\"Perfil_de_Facebook_(indica_la_url_completa)\":\"\",\"Perfil_de_Instagram_(indica_la_url_completa)\":\"\",\"Perfil_de_Linkedin_(indica_la_url_completa)\":\"\",\"Perfil_de_Twitter_(indica_la_url_completa)\":\"\",\"Ciudad_de_Nacimiento\":\"prueba\",\"Pa\\u00eds_de_Nacimiento_\":\"prueba\",\"Pa\\u00eds_de_Residencia_\":\"prueba\",\"Ciudad_de_Residencia\":\"prueba\",\"Predisposici\\u00f3n_para_trabajar_en_otro_paises\":\"Solo por el pa\\u00eds en el que resido\",\"Ciudades_y_Pa\\u00edses_en_las_que_te_gustar\\u00eda_trabajar\":\"prueba\",\"Cu\\u00e9ntanos,_en_breves_palabras,_lo_que_te_hace_un_gran_profesional_\":\"prueba\",\"\\u00bfQu\\u00e9_buscas?_(puedes_seleccionar_varias)\":\"Pr\\u00e1cticas de Revenue Manager\",\"A\\u00f1os_de_experiencia_totales_Mercado_1:_Indica_los_pa\\u00edses_y_ciudades_de_los_hoteles_donde_has_gestionado_las_estrategias_de_Revenue_y_los_a\\u00f1os_de_experiencia_\":\"prueba\",\"A\\u00f1os_de_experiencia_totales_Mercado_2:_Indica_los_pa\\u00edses_y_ciudades_de_los_hoteles_donde_has_gestionado_las_estrategias_de_Revenue_y_los_a\\u00f1os_de_experiencia\":\"prueba\",\"A\\u00f1os_de_experiencia_totales_Mercado_3:_Indica_los_pa\\u00edses_y_ciudades_de_los_hoteles_donde_has_gestionado_las_estrategias_de_Revenue_y_los_a\\u00f1os_de_experiencia\":\"prueba\",\"A\\u00f1os_de_experiencia_totales_Mercado_4:_Indica_los_pa\\u00edses_y_ciudades_de_los_hoteles_donde_has_gestionado_las_estrategias_de_Revenue_y_los_a\\u00f1os_de_experiencia\":\"prueba\",\"Indica_tu_experiencia_en_el_segmento_Urbano\":\"prueba\",\"Indica_tu_experiencia_en_el_segmento_Vacacional\":\"prueba\",\"Indica_tu_experiencia_en_Otros_segmentos\":\"prueba\",\"Indica_tu_experiencia_en_Rentals_\\/_Apartamentos_tur\\u00edsticos_\\/_Viviendas_de_uso_vacacional_\":\"prueba\",\"Cu\\u00e9ntanos_aquello_que_te_hace_grande_en_este_campo_\\u00bfalg\\u00fan_logro_que_quieras_destacar?\":\"prueba\",\"Indica_los_pa\\u00edses_donde_has_gestionado_las_estrategias_de_distribuci\\u00f3n_y_los_a\\u00f1os_de_experiencia\":\"prueba\",\"Experiencia_en_distribuci\\u00f3n_Online_(nivel)\":\"2\",\"Si_lo_deseas_cu\\u00e9ntanos_m\\u00e1s_sobre_tu_experiencia_en_distribuci\\u00f3n_online\":\"prueba\",\"Experiencia_en_distribuci\\u00f3n_Offline\":\"2\",\"Si_lo_deseas_cu\\u00e9ntanos_m\\u00e1s_sobre_tu_experiencia_en_distribuci\\u00f3n_offline\":\"prueba\",\"\\u00bfHas_hecho_Revenue_para_otros_sectores?_(campos_de_golf,_restaurantes,_lineas_a\\u00e9reas,_spas,_salones___)_\\u00a1Cu\\u00e9ntanos_tu_experiencia!\":\"prueba\",\"SEO_T\\u00e9cnico\":\"2\",\"SEO_Offpage_\":\"2\",\"SEM\":\"2\",\"RRSS\":\"2\",\"Email_Marketing\":\"2\",\"Redacci\\u00f3n_de_contenidos_(Blogging_y_copywriting)\":\"2\",\"Dise\\u00f1o_de_Im\\u00e1genes\":\"2\",\"Edici\\u00f3n_de_video\":\"2\",\"Embudos_de_Conversi\\u00f3n\":\"2\",\"Marketing_Tradicional_(relaci\\u00f3n_con_medios,_radio,_prensa,_carteler\\u00eda)\":\"2\",\"Planificaci\\u00f3n_de_estrategias_de_Marketing_Digital\":\"2\",\"Control_de_Gesti\\u00f3n_y_costes_Nivel\":\"2\",\"u\\u00e9ntanos_aquello_que_te_hace_grande_en_este_campo_\\u00bfalg\\u00fan_logro_que_quieras_destacar?\":\"prueba\",\"\\u00bfHas_dado_conferencias_y\\/o_escrito_en_medios_profesionales_del_sector_Hotelero?_(en_caso_afirmativo_indica_todo_lo_que_pueda_ayudarnos_a_conocerte_mejor)_\":\"prueba\",\"\\u00bfDonde_has_aprendido_Revenue_Management?_(en_caso_de_no_tener_formaci\\u00f3n_sobre_esta_materia_ind\\u00edcalo)\":\"prueba\",\"\\u00bfDonde_has_aprendido_Marketing_Hotelero?_(en_caso_de_no_tener_formaci\\u00f3n_sobre_esta_materia_ind\\u00edcalo)\":\"prueba\",\"\\u00bfDonde_has_aprendido_Control_de_gesti\\u00f3n?_(en_caso_de_no_tener_formaci\\u00f3n_sobre_esta_materia_ind\\u00edcalo)\":\"prueba\",\"Ingl\\u00e9s\":\"Soy capaz de mantener una conversaci\\u00f3n y comunicarme por email con mucha soltura y he vivido en un pa\\u00eds en el que se habla esta lengua durante m\\u00e1s de 5 meses (nivel 8-10 sobre 10)\",\"Franc\\u00e9s\":\"Soy capaz de mantener una conversaci\\u00f3n y comunicarme por email con mucha soltura y he vivido en un pa\\u00eds en el que se habla esta lengua durante m\\u00e1s de 5 meses (nivel 8-10 sobre 10)\",\"Alem\\u00e1n\":\"Soy capaz de mantener una conversaci\\u00f3n y comunicarme por email con mucha soltura y he vivido en un pa\\u00eds en el que se habla esta lengua durante m\\u00e1s de 5 meses (nivel 8-10 sobre 10)\",\"Indica_Conocimientos_en_otros_idiomas_(o_explicaciones_extra_sobre_los_anteriores_tales_como_titulaciones_etc___)\":\"prueba\",\"Excel\":\"Tengo conocimientos b\\u00e1sicos (dar formato)\",\"PMS_(Indica_qu\\u00e9_herramientas_de_este_tipo_conoces_y_tu_nivel_de_conocimiento_en_cada_una)_\":\"prueba\",\"Channel_Manager_(Indica_qu\\u00e9_herramientas_de_este_tipo_conoces_y_tu_nivel_de_conocimiento_en_cada_una)\":\"prueba\",\"RMS(Indica_qu\\u00e9_herramientas_de_este_tipo_conoces_y_tu_nivel_de_conocimiento_en_cada_una)\":\"prueba\",\"Reviewer_(reputaci\\u00f3n_online)_(Indica_qu\\u00e9_herramientas_de_este_tipo_conoces_y_tu_nivel_de_conocimiento_en_cada_una)\":\"prueba\",\"Shopper_(Indica_qu\\u00e9_herramientas_de_este_tipo_conoces_y_tu_nivel_de_conocimiento_en_cada_una)\":\"prueba\",\"Power_Bi_(Indica_tu_nivel_de_conocimiento)\":\"prueba\",\"CRM(Indica_qu\\u00e9_herramientas_de_este_tipo_conoces_y_tu_nivel_de_conocimiento_en_cada_una)_\":\"prueba\",\"GDS_(Indica_cu\\u00e1les_conoces_y_tu_nivel_de_conocimiento_en_cada_uno)\":\"prueba\",\"Python,_R_u_otras_herramaientas_de_an\\u00e1lisis_de_datos\":\"prueba\",\"Carnet_de_conducir\":\"Si\",\"Veh\\u00edculo_propio\":\"Si\",\"Acepto_la_pol\\u00edtica_de_privacidad_\":\"Si\",\"0\":\"Si\"}', '19/02/2020');
INSERT INTO `mrw_candidatos` (`idcandidatos`, `respuestas`, `fecha`) VALUES
(20, '{\"Correo\":\"ysrr27@gmail.com\",\"Nombre_\":\"prueba\",\"Apellido\":\"prueba\",\"Tel\\u00e9fono\":\"prueba\",\"Fecha_de_nacimiento\":\"02\\/19\\/2020\",\"Blog_\\/_canal_de_Youtube_u_otro_perfil_donde_transmitas_tus_conocimientos\":\"\",\"Perfil_de_Facebook_(indica_la_url_completa)\":\"\",\"Perfil_de_Instagram_(indica_la_url_completa)\":\"\",\"Perfil_de_Linkedin_(indica_la_url_completa)\":\"\",\"Perfil_de_Twitter_(indica_la_url_completa)\":\"\",\"Ciudad_de_Nacimiento\":\"prueba\",\"Pa\\u00eds_de_Nacimiento_\":\"prueba\",\"Pa\\u00eds_de_Residencia_\":\"prueba\",\"Ciudad_de_Residencia\":\"prueba\",\"Predisposici\\u00f3n_para_trabajar_en_otro_paises\":\"Solo por el pa\\u00eds en el que resido\",\"Ciudades_y_Pa\\u00edses_en_las_que_te_gustar\\u00eda_trabajar\":\"prueba\",\"Cu\\u00e9ntanos,_en_breves_palabras,_lo_que_te_hace_un_gran_profesional_\":\"prueba\",\"\\u00bfQu\\u00e9_buscas?_(puedes_seleccionar_varias)\":\"Pr\\u00e1cticas de Revenue Manager\",\"A\\u00f1os_de_experiencia_totales_Mercado_1:_Indica_los_pa\\u00edses_y_ciudades_de_los_hoteles_donde_has_gestionado_las_estrategias_de_Revenue_y_los_a\\u00f1os_de_experiencia_\":\"prueba\",\"A\\u00f1os_de_experiencia_totales_Mercado_2:_Indica_los_pa\\u00edses_y_ciudades_de_los_hoteles_donde_has_gestionado_las_estrategias_de_Revenue_y_los_a\\u00f1os_de_experiencia\":\"prueba\",\"A\\u00f1os_de_experiencia_totales_Mercado_3:_Indica_los_pa\\u00edses_y_ciudades_de_los_hoteles_donde_has_gestionado_las_estrategias_de_Revenue_y_los_a\\u00f1os_de_experiencia\":\"prueba\",\"A\\u00f1os_de_experiencia_totales_Mercado_4:_Indica_los_pa\\u00edses_y_ciudades_de_los_hoteles_donde_has_gestionado_las_estrategias_de_Revenue_y_los_a\\u00f1os_de_experiencia\":\"prueba\",\"Indica_tu_experiencia_en_el_segmento_Urbano\":\"prueba\",\"Indica_tu_experiencia_en_el_segmento_Vacacional\":\"prueba\",\"Indica_tu_experiencia_en_Otros_segmentos\":\"prueba\",\"Indica_tu_experiencia_en_Rentals_\\/_Apartamentos_tur\\u00edsticos_\\/_Viviendas_de_uso_vacacional_\":\"prueba\",\"Cu\\u00e9ntanos_aquello_que_te_hace_grande_en_este_campo_\\u00bfalg\\u00fan_logro_que_quieras_destacar?\":\"prueba\",\"Indica_los_pa\\u00edses_donde_has_gestionado_las_estrategias_de_distribuci\\u00f3n_y_los_a\\u00f1os_de_experiencia\":\"prueba\",\"Experiencia_en_distribuci\\u00f3n_Online_(nivel)\":\"2\",\"Si_lo_deseas_cu\\u00e9ntanos_m\\u00e1s_sobre_tu_experiencia_en_distribuci\\u00f3n_online\":\"prueba\",\"Experiencia_en_distribuci\\u00f3n_Offline\":\"2\",\"Si_lo_deseas_cu\\u00e9ntanos_m\\u00e1s_sobre_tu_experiencia_en_distribuci\\u00f3n_offline\":\"prueba\",\"\\u00bfHas_hecho_Revenue_para_otros_sectores?_(campos_de_golf,_restaurantes,_lineas_a\\u00e9reas,_spas,_salones___)_\\u00a1Cu\\u00e9ntanos_tu_experiencia!\":\"prueba\",\"SEO_T\\u00e9cnico\":\"2\",\"SEO_Offpage_\":\"2\",\"SEM\":\"2\",\"RRSS\":\"2\",\"Email_Marketing\":\"2\",\"Redacci\\u00f3n_de_contenidos_(Blogging_y_copywriting)\":\"2\",\"Dise\\u00f1o_de_Im\\u00e1genes\":\"2\",\"Edici\\u00f3n_de_video\":\"2\",\"Embudos_de_Conversi\\u00f3n\":\"2\",\"Marketing_Tradicional_(relaci\\u00f3n_con_medios,_radio,_prensa,_carteler\\u00eda)\":\"2\",\"Planificaci\\u00f3n_de_estrategias_de_Marketing_Digital\":\"2\",\"Control_de_Gesti\\u00f3n_y_costes_Nivel\":\"2\",\"u\\u00e9ntanos_aquello_que_te_hace_grande_en_este_campo_\\u00bfalg\\u00fan_logro_que_quieras_destacar?\":\"prueba\",\"\\u00bfHas_dado_conferencias_y\\/o_escrito_en_medios_profesionales_del_sector_Hotelero?_(en_caso_afirmativo_indica_todo_lo_que_pueda_ayudarnos_a_conocerte_mejor)_\":\"prueba\",\"\\u00bfDonde_has_aprendido_Revenue_Management?_(en_caso_de_no_tener_formaci\\u00f3n_sobre_esta_materia_ind\\u00edcalo)\":\"prueba\",\"\\u00bfDonde_has_aprendido_Marketing_Hotelero?_(en_caso_de_no_tener_formaci\\u00f3n_sobre_esta_materia_ind\\u00edcalo)\":\"prueba\",\"\\u00bfDonde_has_aprendido_Control_de_gesti\\u00f3n?_(en_caso_de_no_tener_formaci\\u00f3n_sobre_esta_materia_ind\\u00edcalo)\":\"prueba\",\"Ingl\\u00e9s\":\"Soy capaz de mantener una conversaci\\u00f3n y comunicarme por email con mucha soltura y he vivido en un pa\\u00eds en el que se habla esta lengua durante m\\u00e1s de 5 meses (nivel 8-10 sobre 10)\",\"Franc\\u00e9s\":\"Soy capaz de mantener una conversaci\\u00f3n y comunicarme por email con mucha soltura y he vivido en un pa\\u00eds en el que se habla esta lengua durante m\\u00e1s de 5 meses (nivel 8-10 sobre 10)\",\"Alem\\u00e1n\":\"Soy capaz de mantener una conversaci\\u00f3n y comunicarme por email con mucha soltura y he vivido en un pa\\u00eds en el que se habla esta lengua durante m\\u00e1s de 5 meses (nivel 8-10 sobre 10)\",\"Indica_Conocimientos_en_otros_idiomas_(o_explicaciones_extra_sobre_los_anteriores_tales_como_titulaciones_etc___)\":\"prueba\",\"Excel\":\"Tengo conocimientos b\\u00e1sicos (dar formato)\",\"PMS_(Indica_qu\\u00e9_herramientas_de_este_tipo_conoces_y_tu_nivel_de_conocimiento_en_cada_una)_\":\"prueba\",\"Channel_Manager_(Indica_qu\\u00e9_herramientas_de_este_tipo_conoces_y_tu_nivel_de_conocimiento_en_cada_una)\":\"prueba\",\"RMS(Indica_qu\\u00e9_herramientas_de_este_tipo_conoces_y_tu_nivel_de_conocimiento_en_cada_una)\":\"prueba\",\"Reviewer_(reputaci\\u00f3n_online)_(Indica_qu\\u00e9_herramientas_de_este_tipo_conoces_y_tu_nivel_de_conocimiento_en_cada_una)\":\"prueba\",\"Shopper_(Indica_qu\\u00e9_herramientas_de_este_tipo_conoces_y_tu_nivel_de_conocimiento_en_cada_una)\":\"prueba\",\"Power_Bi_(Indica_tu_nivel_de_conocimiento)\":\"prueba\",\"CRM(Indica_qu\\u00e9_herramientas_de_este_tipo_conoces_y_tu_nivel_de_conocimiento_en_cada_una)_\":\"prueba\",\"GDS_(Indica_cu\\u00e1les_conoces_y_tu_nivel_de_conocimiento_en_cada_uno)\":\"prueba\",\"Python,_R_u_otras_herramaientas_de_an\\u00e1lisis_de_datos\":\"prueba\",\"Carnet_de_conducir\":\"Si\",\"Veh\\u00edculo_propio\":\"Si\",\"Acepto_la_pol\\u00edtica_de_privacidad_\":\"Si\",\"0\":\"Si\"}', '19/02/2020'),
(21, '{\"Correo\":\"ysrr27@gmail.com\",\"Nombre_\":\"prueba\",\"Apellido\":\"prueba\",\"Tel\\u00e9fono\":\"prueba\",\"Fecha_de_nacimiento\":\"02\\/19\\/2020\",\"Blog_\\/_canal_de_Youtube_u_otro_perfil_donde_transmitas_tus_conocimientos\":\"\",\"Perfil_de_Facebook_(indica_la_url_completa)\":\"\",\"Perfil_de_Instagram_(indica_la_url_completa)\":\"\",\"Perfil_de_Linkedin_(indica_la_url_completa)\":\"\",\"Perfil_de_Twitter_(indica_la_url_completa)\":\"\",\"Ciudad_de_Nacimiento\":\"prueba\",\"Pa\\u00eds_de_Nacimiento_\":\"prueba\",\"Pa\\u00eds_de_Residencia_\":\"prueba\",\"Ciudad_de_Residencia\":\"prueba\",\"Predisposici\\u00f3n_para_trabajar_en_otro_paises\":\"Solo por el pa\\u00eds en el que resido\",\"Ciudades_y_Pa\\u00edses_en_las_que_te_gustar\\u00eda_trabajar\":\"prueba\",\"Cu\\u00e9ntanos,_en_breves_palabras,_lo_que_te_hace_un_gran_profesional_\":\"prueba\",\"\\u00bfQu\\u00e9_buscas?_(puedes_seleccionar_varias)\":\"Pr\\u00e1cticas de Revenue Manager\",\"A\\u00f1os_de_experiencia_totales_Mercado_1:_Indica_los_pa\\u00edses_y_ciudades_de_los_hoteles_donde_has_gestionado_las_estrategias_de_Revenue_y_los_a\\u00f1os_de_experiencia_\":\"prueba\",\"A\\u00f1os_de_experiencia_totales_Mercado_2:_Indica_los_pa\\u00edses_y_ciudades_de_los_hoteles_donde_has_gestionado_las_estrategias_de_Revenue_y_los_a\\u00f1os_de_experiencia\":\"prueba\",\"A\\u00f1os_de_experiencia_totales_Mercado_3:_Indica_los_pa\\u00edses_y_ciudades_de_los_hoteles_donde_has_gestionado_las_estrategias_de_Revenue_y_los_a\\u00f1os_de_experiencia\":\"prueba\",\"A\\u00f1os_de_experiencia_totales_Mercado_4:_Indica_los_pa\\u00edses_y_ciudades_de_los_hoteles_donde_has_gestionado_las_estrategias_de_Revenue_y_los_a\\u00f1os_de_experiencia\":\"prueba\",\"Indica_tu_experiencia_en_el_segmento_Urbano\":\"prueba\",\"Indica_tu_experiencia_en_el_segmento_Vacacional\":\"prueba\",\"Indica_tu_experiencia_en_Otros_segmentos\":\"prueba\",\"Indica_tu_experiencia_en_Rentals_\\/_Apartamentos_tur\\u00edsticos_\\/_Viviendas_de_uso_vacacional_\":\"prueba\",\"Cu\\u00e9ntanos_aquello_que_te_hace_grande_en_este_campo_\\u00bfalg\\u00fan_logro_que_quieras_destacar?\":\"prueba\",\"Indica_los_pa\\u00edses_donde_has_gestionado_las_estrategias_de_distribuci\\u00f3n_y_los_a\\u00f1os_de_experiencia\":\"prueba\",\"Experiencia_en_distribuci\\u00f3n_Online_(nivel)\":\"2\",\"Si_lo_deseas_cu\\u00e9ntanos_m\\u00e1s_sobre_tu_experiencia_en_distribuci\\u00f3n_online\":\"prueba\",\"Experiencia_en_distribuci\\u00f3n_Offline\":\"2\",\"Si_lo_deseas_cu\\u00e9ntanos_m\\u00e1s_sobre_tu_experiencia_en_distribuci\\u00f3n_offline\":\"prueba\",\"\\u00bfHas_hecho_Revenue_para_otros_sectores?_(campos_de_golf,_restaurantes,_lineas_a\\u00e9reas,_spas,_salones___)_\\u00a1Cu\\u00e9ntanos_tu_experiencia!\":\"prueba\",\"SEO_T\\u00e9cnico\":\"2\",\"SEO_Offpage_\":\"2\",\"SEM\":\"2\",\"RRSS\":\"2\",\"Email_Marketing\":\"2\",\"Redacci\\u00f3n_de_contenidos_(Blogging_y_copywriting)\":\"2\",\"Dise\\u00f1o_de_Im\\u00e1genes\":\"2\",\"Edici\\u00f3n_de_video\":\"2\",\"Embudos_de_Conversi\\u00f3n\":\"2\",\"Marketing_Tradicional_(relaci\\u00f3n_con_medios,_radio,_prensa,_carteler\\u00eda)\":\"2\",\"Planificaci\\u00f3n_de_estrategias_de_Marketing_Digital\":\"2\",\"Control_de_Gesti\\u00f3n_y_costes_Nivel\":\"2\",\"u\\u00e9ntanos_aquello_que_te_hace_grande_en_este_campo_\\u00bfalg\\u00fan_logro_que_quieras_destacar?\":\"prueba\",\"\\u00bfHas_dado_conferencias_y\\/o_escrito_en_medios_profesionales_del_sector_Hotelero?_(en_caso_afirmativo_indica_todo_lo_que_pueda_ayudarnos_a_conocerte_mejor)_\":\"prueba\",\"\\u00bfDonde_has_aprendido_Revenue_Management?_(en_caso_de_no_tener_formaci\\u00f3n_sobre_esta_materia_ind\\u00edcalo)\":\"prueba\",\"\\u00bfDonde_has_aprendido_Marketing_Hotelero?_(en_caso_de_no_tener_formaci\\u00f3n_sobre_esta_materia_ind\\u00edcalo)\":\"prueba\",\"\\u00bfDonde_has_aprendido_Control_de_gesti\\u00f3n?_(en_caso_de_no_tener_formaci\\u00f3n_sobre_esta_materia_ind\\u00edcalo)\":\"prueba\",\"Ingl\\u00e9s\":\"Soy capaz de mantener una conversaci\\u00f3n y comunicarme por email con mucha soltura y he vivido en un pa\\u00eds en el que se habla esta lengua durante m\\u00e1s de 5 meses (nivel 8-10 sobre 10)\",\"Franc\\u00e9s\":\"Soy capaz de mantener una conversaci\\u00f3n y comunicarme por email con mucha soltura y he vivido en un pa\\u00eds en el que se habla esta lengua durante m\\u00e1s de 5 meses (nivel 8-10 sobre 10)\",\"Alem\\u00e1n\":\"Soy capaz de mantener una conversaci\\u00f3n y comunicarme por email con mucha soltura y he vivido en un pa\\u00eds en el que se habla esta lengua durante m\\u00e1s de 5 meses (nivel 8-10 sobre 10)\",\"Indica_Conocimientos_en_otros_idiomas_(o_explicaciones_extra_sobre_los_anteriores_tales_como_titulaciones_etc___)\":\"prueba\",\"Excel\":\"Tengo conocimientos b\\u00e1sicos (dar formato)\",\"PMS_(Indica_qu\\u00e9_herramientas_de_este_tipo_conoces_y_tu_nivel_de_conocimiento_en_cada_una)_\":\"prueba\",\"Channel_Manager_(Indica_qu\\u00e9_herramientas_de_este_tipo_conoces_y_tu_nivel_de_conocimiento_en_cada_una)\":\"prueba\",\"RMS(Indica_qu\\u00e9_herramientas_de_este_tipo_conoces_y_tu_nivel_de_conocimiento_en_cada_una)\":\"prueba\",\"Reviewer_(reputaci\\u00f3n_online)_(Indica_qu\\u00e9_herramientas_de_este_tipo_conoces_y_tu_nivel_de_conocimiento_en_cada_una)\":\"prueba\",\"Shopper_(Indica_qu\\u00e9_herramientas_de_este_tipo_conoces_y_tu_nivel_de_conocimiento_en_cada_una)\":\"prueba\",\"Power_Bi_(Indica_tu_nivel_de_conocimiento)\":\"prueba\",\"CRM(Indica_qu\\u00e9_herramientas_de_este_tipo_conoces_y_tu_nivel_de_conocimiento_en_cada_una)_\":\"prueba\",\"GDS_(Indica_cu\\u00e1les_conoces_y_tu_nivel_de_conocimiento_en_cada_uno)\":\"prueba\",\"Python,_R_u_otras_herramaientas_de_an\\u00e1lisis_de_datos\":\"prueba\",\"Carnet_de_conducir\":\"Si\",\"Veh\\u00edculo_propio\":\"Si\",\"Acepto_la_pol\\u00edtica_de_privacidad_\":\"Si\",\"0\":\"Si\"}', '19/02/2020'),
(22, '{\"Correo\":\"ysrr27@gmail.com\",\"Nombre_\":\"prueba\",\"Apellido\":\"prueba\",\"Tel\\u00e9fono\":\"prueba\",\"Fecha_de_nacimiento\":\"02\\/19\\/2020\",\"Blog_\\/_canal_de_Youtube_u_otro_perfil_donde_transmitas_tus_conocimientos\":\"\",\"Perfil_de_Facebook_(indica_la_url_completa)\":\"\",\"Perfil_de_Instagram_(indica_la_url_completa)\":\"\",\"Perfil_de_Linkedin_(indica_la_url_completa)\":\"\",\"Perfil_de_Twitter_(indica_la_url_completa)\":\"\",\"Ciudad_de_Nacimiento\":\"prueba\",\"Pa\\u00eds_de_Nacimiento_\":\"prueba\",\"Pa\\u00eds_de_Residencia_\":\"prueba\",\"Ciudad_de_Residencia\":\"prueba\",\"Predisposici\\u00f3n_para_trabajar_en_otro_paises\":\"Solo por el pa\\u00eds en el que resido\",\"Ciudades_y_Pa\\u00edses_en_las_que_te_gustar\\u00eda_trabajar\":\"prueba\",\"Cu\\u00e9ntanos,_en_breves_palabras,_lo_que_te_hace_un_gran_profesional_\":\"prueba\",\"\\u00bfQu\\u00e9_buscas?_(puedes_seleccionar_varias)\":\"Pr\\u00e1cticas de Revenue Manager\",\"A\\u00f1os_de_experiencia_totales_Mercado_1:_Indica_los_pa\\u00edses_y_ciudades_de_los_hoteles_donde_has_gestionado_las_estrategias_de_Revenue_y_los_a\\u00f1os_de_experiencia_\":\"prueba\",\"A\\u00f1os_de_experiencia_totales_Mercado_2:_Indica_los_pa\\u00edses_y_ciudades_de_los_hoteles_donde_has_gestionado_las_estrategias_de_Revenue_y_los_a\\u00f1os_de_experiencia\":\"prueba\",\"A\\u00f1os_de_experiencia_totales_Mercado_3:_Indica_los_pa\\u00edses_y_ciudades_de_los_hoteles_donde_has_gestionado_las_estrategias_de_Revenue_y_los_a\\u00f1os_de_experiencia\":\"prueba\",\"A\\u00f1os_de_experiencia_totales_Mercado_4:_Indica_los_pa\\u00edses_y_ciudades_de_los_hoteles_donde_has_gestionado_las_estrategias_de_Revenue_y_los_a\\u00f1os_de_experiencia\":\"prueba\",\"Indica_tu_experiencia_en_el_segmento_Urbano\":\"prueba\",\"Indica_tu_experiencia_en_el_segmento_Vacacional\":\"prueba\",\"Indica_tu_experiencia_en_Otros_segmentos\":\"prueba\",\"Indica_tu_experiencia_en_Rentals_\\/_Apartamentos_tur\\u00edsticos_\\/_Viviendas_de_uso_vacacional_\":\"prueba\",\"Cu\\u00e9ntanos_aquello_que_te_hace_grande_en_este_campo_\\u00bfalg\\u00fan_logro_que_quieras_destacar?\":\"prueba\",\"Indica_los_pa\\u00edses_donde_has_gestionado_las_estrategias_de_distribuci\\u00f3n_y_los_a\\u00f1os_de_experiencia\":\"prueba\",\"Experiencia_en_distribuci\\u00f3n_Online_(nivel)\":\"2\",\"Si_lo_deseas_cu\\u00e9ntanos_m\\u00e1s_sobre_tu_experiencia_en_distribuci\\u00f3n_online\":\"prueba\",\"Experiencia_en_distribuci\\u00f3n_Offline\":\"2\",\"Si_lo_deseas_cu\\u00e9ntanos_m\\u00e1s_sobre_tu_experiencia_en_distribuci\\u00f3n_offline\":\"prueba\",\"\\u00bfHas_hecho_Revenue_para_otros_sectores?_(campos_de_golf,_restaurantes,_lineas_a\\u00e9reas,_spas,_salones___)_\\u00a1Cu\\u00e9ntanos_tu_experiencia!\":\"prueba\",\"SEO_T\\u00e9cnico\":\"2\",\"SEO_Offpage_\":\"2\",\"SEM\":\"2\",\"RRSS\":\"2\",\"Email_Marketing\":\"2\",\"Redacci\\u00f3n_de_contenidos_(Blogging_y_copywriting)\":\"2\",\"Dise\\u00f1o_de_Im\\u00e1genes\":\"2\",\"Edici\\u00f3n_de_video\":\"2\",\"Embudos_de_Conversi\\u00f3n\":\"2\",\"Marketing_Tradicional_(relaci\\u00f3n_con_medios,_radio,_prensa,_carteler\\u00eda)\":\"2\",\"Planificaci\\u00f3n_de_estrategias_de_Marketing_Digital\":\"2\",\"Control_de_Gesti\\u00f3n_y_costes_Nivel\":\"2\",\"u\\u00e9ntanos_aquello_que_te_hace_grande_en_este_campo_\\u00bfalg\\u00fan_logro_que_quieras_destacar?\":\"prueba\",\"\\u00bfHas_dado_conferencias_y\\/o_escrito_en_medios_profesionales_del_sector_Hotelero?_(en_caso_afirmativo_indica_todo_lo_que_pueda_ayudarnos_a_conocerte_mejor)_\":\"prueba\",\"\\u00bfDonde_has_aprendido_Revenue_Management?_(en_caso_de_no_tener_formaci\\u00f3n_sobre_esta_materia_ind\\u00edcalo)\":\"prueba\",\"\\u00bfDonde_has_aprendido_Marketing_Hotelero?_(en_caso_de_no_tener_formaci\\u00f3n_sobre_esta_materia_ind\\u00edcalo)\":\"prueba\",\"\\u00bfDonde_has_aprendido_Control_de_gesti\\u00f3n?_(en_caso_de_no_tener_formaci\\u00f3n_sobre_esta_materia_ind\\u00edcalo)\":\"prueba\",\"Ingl\\u00e9s\":\"Soy capaz de mantener una conversaci\\u00f3n y comunicarme por email con mucha soltura y he vivido en un pa\\u00eds en el que se habla esta lengua durante m\\u00e1s de 5 meses (nivel 8-10 sobre 10)\",\"Franc\\u00e9s\":\"Soy capaz de mantener una conversaci\\u00f3n y comunicarme por email con mucha soltura y he vivido en un pa\\u00eds en el que se habla esta lengua durante m\\u00e1s de 5 meses (nivel 8-10 sobre 10)\",\"Alem\\u00e1n\":\"Soy capaz de mantener una conversaci\\u00f3n y comunicarme por email con mucha soltura y he vivido en un pa\\u00eds en el que se habla esta lengua durante m\\u00e1s de 5 meses (nivel 8-10 sobre 10)\",\"Indica_Conocimientos_en_otros_idiomas_(o_explicaciones_extra_sobre_los_anteriores_tales_como_titulaciones_etc___)\":\"prueba\",\"Excel\":\"Tengo conocimientos b\\u00e1sicos (dar formato)\",\"PMS_(Indica_qu\\u00e9_herramientas_de_este_tipo_conoces_y_tu_nivel_de_conocimiento_en_cada_una)_\":\"prueba\",\"Channel_Manager_(Indica_qu\\u00e9_herramientas_de_este_tipo_conoces_y_tu_nivel_de_conocimiento_en_cada_una)\":\"prueba\",\"RMS(Indica_qu\\u00e9_herramientas_de_este_tipo_conoces_y_tu_nivel_de_conocimiento_en_cada_una)\":\"prueba\",\"Reviewer_(reputaci\\u00f3n_online)_(Indica_qu\\u00e9_herramientas_de_este_tipo_conoces_y_tu_nivel_de_conocimiento_en_cada_una)\":\"prueba\",\"Shopper_(Indica_qu\\u00e9_herramientas_de_este_tipo_conoces_y_tu_nivel_de_conocimiento_en_cada_una)\":\"prueba\",\"Power_Bi_(Indica_tu_nivel_de_conocimiento)\":\"prueba\",\"CRM(Indica_qu\\u00e9_herramientas_de_este_tipo_conoces_y_tu_nivel_de_conocimiento_en_cada_una)_\":\"prueba\",\"GDS_(Indica_cu\\u00e1les_conoces_y_tu_nivel_de_conocimiento_en_cada_uno)\":\"prueba\",\"Python,_R_u_otras_herramaientas_de_an\\u00e1lisis_de_datos\":\"prueba\",\"Carnet_de_conducir\":\"Si\",\"Veh\\u00edculo_propio\":\"Si\",\"Acepto_la_pol\\u00edtica_de_privacidad_\":\"Si\",\"0\":\"Si\"}', '19/02/2020'),
(23, '{\"Correo\":\"ysrr27@gmail.com\",\"Nombre_\":\"prueba\",\"Apellido\":\"prueba\",\"Tel\\u00e9fono\":\"prueba\",\"Fecha_de_nacimiento\":\"02\\/19\\/2020\",\"Blog_\\/_canal_de_Youtube_u_otro_perfil_donde_transmitas_tus_conocimientos\":\"\",\"Perfil_de_Facebook_(indica_la_url_completa)\":\"\",\"Perfil_de_Instagram_(indica_la_url_completa)\":\"\",\"Perfil_de_Linkedin_(indica_la_url_completa)\":\"\",\"Perfil_de_Twitter_(indica_la_url_completa)\":\"\",\"Ciudad_de_Nacimiento\":\"prueba\",\"Pa\\u00eds_de_Nacimiento_\":\"prueba\",\"Pa\\u00eds_de_Residencia_\":\"prueba\",\"Ciudad_de_Residencia\":\"prueba\",\"Predisposici\\u00f3n_para_trabajar_en_otro_paises\":\"Solo por el pa\\u00eds en el que resido\",\"Ciudades_y_Pa\\u00edses_en_las_que_te_gustar\\u00eda_trabajar\":\"prueba\",\"Cu\\u00e9ntanos,_en_breves_palabras,_lo_que_te_hace_un_gran_profesional_\":\"prueba\",\"\\u00bfQu\\u00e9_buscas?_(puedes_seleccionar_varias)\":\"Pr\\u00e1cticas de Revenue Manager\",\"A\\u00f1os_de_experiencia_totales_Mercado_1:_Indica_los_pa\\u00edses_y_ciudades_de_los_hoteles_donde_has_gestionado_las_estrategias_de_Revenue_y_los_a\\u00f1os_de_experiencia_\":\"prueba\",\"A\\u00f1os_de_experiencia_totales_Mercado_2:_Indica_los_pa\\u00edses_y_ciudades_de_los_hoteles_donde_has_gestionado_las_estrategias_de_Revenue_y_los_a\\u00f1os_de_experiencia\":\"prueba\",\"A\\u00f1os_de_experiencia_totales_Mercado_3:_Indica_los_pa\\u00edses_y_ciudades_de_los_hoteles_donde_has_gestionado_las_estrategias_de_Revenue_y_los_a\\u00f1os_de_experiencia\":\"prueba\",\"A\\u00f1os_de_experiencia_totales_Mercado_4:_Indica_los_pa\\u00edses_y_ciudades_de_los_hoteles_donde_has_gestionado_las_estrategias_de_Revenue_y_los_a\\u00f1os_de_experiencia\":\"prueba\",\"Indica_tu_experiencia_en_el_segmento_Urbano\":\"prueba\",\"Indica_tu_experiencia_en_el_segmento_Vacacional\":\"prueba\",\"Indica_tu_experiencia_en_Otros_segmentos\":\"prueba\",\"Indica_tu_experiencia_en_Rentals_\\/_Apartamentos_tur\\u00edsticos_\\/_Viviendas_de_uso_vacacional_\":\"prueba\",\"Cu\\u00e9ntanos_aquello_que_te_hace_grande_en_este_campo_\\u00bfalg\\u00fan_logro_que_quieras_destacar?\":\"prueba\",\"Indica_los_pa\\u00edses_donde_has_gestionado_las_estrategias_de_distribuci\\u00f3n_y_los_a\\u00f1os_de_experiencia\":\"prueba\",\"Experiencia_en_distribuci\\u00f3n_Online_(nivel)\":\"2\",\"Si_lo_deseas_cu\\u00e9ntanos_m\\u00e1s_sobre_tu_experiencia_en_distribuci\\u00f3n_online\":\"prueba\",\"Experiencia_en_distribuci\\u00f3n_Offline\":\"2\",\"Si_lo_deseas_cu\\u00e9ntanos_m\\u00e1s_sobre_tu_experiencia_en_distribuci\\u00f3n_offline\":\"prueba\",\"\\u00bfHas_hecho_Revenue_para_otros_sectores?_(campos_de_golf,_restaurantes,_lineas_a\\u00e9reas,_spas,_salones___)_\\u00a1Cu\\u00e9ntanos_tu_experiencia!\":\"prueba\",\"SEO_T\\u00e9cnico\":\"2\",\"SEO_Offpage_\":\"2\",\"SEM\":\"2\",\"RRSS\":\"2\",\"Email_Marketing\":\"2\",\"Redacci\\u00f3n_de_contenidos_(Blogging_y_copywriting)\":\"2\",\"Dise\\u00f1o_de_Im\\u00e1genes\":\"2\",\"Edici\\u00f3n_de_video\":\"2\",\"Embudos_de_Conversi\\u00f3n\":\"2\",\"Marketing_Tradicional_(relaci\\u00f3n_con_medios,_radio,_prensa,_carteler\\u00eda)\":\"2\",\"Planificaci\\u00f3n_de_estrategias_de_Marketing_Digital\":\"2\",\"Control_de_Gesti\\u00f3n_y_costes_Nivel\":\"2\",\"u\\u00e9ntanos_aquello_que_te_hace_grande_en_este_campo_\\u00bfalg\\u00fan_logro_que_quieras_destacar?\":\"prueba\",\"\\u00bfHas_dado_conferencias_y\\/o_escrito_en_medios_profesionales_del_sector_Hotelero?_(en_caso_afirmativo_indica_todo_lo_que_pueda_ayudarnos_a_conocerte_mejor)_\":\"prueba\",\"\\u00bfDonde_has_aprendido_Revenue_Management?_(en_caso_de_no_tener_formaci\\u00f3n_sobre_esta_materia_ind\\u00edcalo)\":\"prueba\",\"\\u00bfDonde_has_aprendido_Marketing_Hotelero?_(en_caso_de_no_tener_formaci\\u00f3n_sobre_esta_materia_ind\\u00edcalo)\":\"prueba\",\"\\u00bfDonde_has_aprendido_Control_de_gesti\\u00f3n?_(en_caso_de_no_tener_formaci\\u00f3n_sobre_esta_materia_ind\\u00edcalo)\":\"prueba\",\"Ingl\\u00e9s\":\"Soy capaz de mantener una conversaci\\u00f3n y comunicarme por email con mucha soltura y he vivido en un pa\\u00eds en el que se habla esta lengua durante m\\u00e1s de 5 meses (nivel 8-10 sobre 10)\",\"Franc\\u00e9s\":\"Soy capaz de mantener una conversaci\\u00f3n y comunicarme por email con mucha soltura y he vivido en un pa\\u00eds en el que se habla esta lengua durante m\\u00e1s de 5 meses (nivel 8-10 sobre 10)\",\"Alem\\u00e1n\":\"Soy capaz de mantener una conversaci\\u00f3n y comunicarme por email con mucha soltura y he vivido en un pa\\u00eds en el que se habla esta lengua durante m\\u00e1s de 5 meses (nivel 8-10 sobre 10)\",\"Indica_Conocimientos_en_otros_idiomas_(o_explicaciones_extra_sobre_los_anteriores_tales_como_titulaciones_etc___)\":\"prueba\",\"Excel\":\"Tengo conocimientos b\\u00e1sicos (dar formato)\",\"PMS_(Indica_qu\\u00e9_herramientas_de_este_tipo_conoces_y_tu_nivel_de_conocimiento_en_cada_una)_\":\"prueba\",\"Channel_Manager_(Indica_qu\\u00e9_herramientas_de_este_tipo_conoces_y_tu_nivel_de_conocimiento_en_cada_una)\":\"prueba\",\"RMS(Indica_qu\\u00e9_herramientas_de_este_tipo_conoces_y_tu_nivel_de_conocimiento_en_cada_una)\":\"prueba\",\"Reviewer_(reputaci\\u00f3n_online)_(Indica_qu\\u00e9_herramientas_de_este_tipo_conoces_y_tu_nivel_de_conocimiento_en_cada_una)\":\"prueba\",\"Shopper_(Indica_qu\\u00e9_herramientas_de_este_tipo_conoces_y_tu_nivel_de_conocimiento_en_cada_una)\":\"prueba\",\"Power_Bi_(Indica_tu_nivel_de_conocimiento)\":\"prueba\",\"CRM(Indica_qu\\u00e9_herramientas_de_este_tipo_conoces_y_tu_nivel_de_conocimiento_en_cada_una)_\":\"prueba\",\"GDS_(Indica_cu\\u00e1les_conoces_y_tu_nivel_de_conocimiento_en_cada_uno)\":\"prueba\",\"Python,_R_u_otras_herramaientas_de_an\\u00e1lisis_de_datos\":\"prueba\",\"Carnet_de_conducir\":\"Si\",\"Veh\\u00edculo_propio\":\"Si\",\"Acepto_la_pol\\u00edtica_de_privacidad_\":\"Si\",\"0\":\"Si\"}', '19/02/2020'),
(24, '{\"Correo\":\"ysrr27@gmail.com\",\"Nombre_\":\"ysrrael\",\"Apellido\":\"ysrrael\",\"Tel\\u00e9fono\":\"123\",\"Fecha_de_nacimiento\":\"02\\/19\\/2020\",\"Blog_\\/_canal_de_Youtube_u_otro_perfil_donde_transmitas_tus_conocimientos\":\"\",\"Perfil_de_Facebook_(indica_la_url_completa)\":\"\",\"Perfil_de_Instagram_(indica_la_url_completa)\":\"\",\"Perfil_de_Linkedin_(indica_la_url_completa)\":\"\",\"Perfil_de_Twitter_(indica_la_url_completa)\":\"\",\"Ciudad_de_Nacimiento\":\"sa\",\"Pa\\u00eds_de_Nacimiento_\":\"sa\",\"Pa\\u00eds_de_Residencia_\":\"sa\",\"Ciudad_de_Residencia\":\"sa\",\"Predisposici\\u00f3n_para_trabajar_en_otro_paises\":\"Solo por el pa\\u00eds en el que resido\",\"Ciudades_y_Pa\\u00edses_en_las_que_te_gustar\\u00eda_trabajar\":\"sa\",\"Cu\\u00e9ntanos,_en_breves_palabras,_lo_que_te_hace_un_gran_profesional_\":\"sa\",\"\\u00bfQu\\u00e9_buscas?_(puedes_seleccionar_varias)\":\"Pr\\u00e1cticas de Revenue Manager\",\"A\\u00f1os_de_experiencia_totales_Mercado_1:_Indica_los_pa\\u00edses_y_ciudades_de_los_hoteles_donde_has_gestionado_las_estrategias_de_Revenue_y_los_a\\u00f1os_de_experiencia_\":\"sa\",\"A\\u00f1os_de_experiencia_totales_Mercado_2:_Indica_los_pa\\u00edses_y_ciudades_de_los_hoteles_donde_has_gestionado_las_estrategias_de_Revenue_y_los_a\\u00f1os_de_experiencia\":\"sa\",\"A\\u00f1os_de_experiencia_totales_Mercado_3:_Indica_los_pa\\u00edses_y_ciudades_de_los_hoteles_donde_has_gestionado_las_estrategias_de_Revenue_y_los_a\\u00f1os_de_experiencia\":\"sa\",\"A\\u00f1os_de_experiencia_totales_Mercado_4:_Indica_los_pa\\u00edses_y_ciudades_de_los_hoteles_donde_has_gestionado_las_estrategias_de_Revenue_y_los_a\\u00f1os_de_experiencia\":\"sa\",\"Indica_tu_experiencia_en_el_segmento_Urbano\":\"sa\",\"Indica_tu_experiencia_en_el_segmento_Vacacional\":\"sa\",\"Indica_tu_experiencia_en_Otros_segmentos\":\"sa\",\"Indica_tu_experiencia_en_Rentals_\\/_Apartamentos_tur\\u00edsticos_\\/_Viviendas_de_uso_vacacional_\":\"sa\",\"Cu\\u00e9ntanos_aquello_que_te_hace_grande_en_este_campo_\\u00bfalg\\u00fan_logro_que_quieras_destacar?\":\"sa\",\"Indica_los_pa\\u00edses_donde_has_gestionado_las_estrategias_de_distribuci\\u00f3n_y_los_a\\u00f1os_de_experiencia\":\"sa\",\"Experiencia_en_distribuci\\u00f3n_Online_(nivel)\":\"2\",\"Si_lo_deseas_cu\\u00e9ntanos_m\\u00e1s_sobre_tu_experiencia_en_distribuci\\u00f3n_online\":\"sa\",\"Experiencia_en_distribuci\\u00f3n_Offline\":\"2\",\"Si_lo_deseas_cu\\u00e9ntanos_m\\u00e1s_sobre_tu_experiencia_en_distribuci\\u00f3n_offline\":\"sa\",\"\\u00bfHas_hecho_Revenue_para_otros_sectores?_(campos_de_golf,_restaurantes,_lineas_a\\u00e9reas,_spas,_salones___)_\\u00a1Cu\\u00e9ntanos_tu_experiencia!\":\"sa\",\"SEO_T\\u00e9cnico\":\"1\",\"SEO_Offpage_\":\"1\",\"SEM\":\"2\",\"RRSS\":\"2\",\"Email_Marketing\":\"3\",\"Redacci\\u00f3n_de_contenidos_(Blogging_y_copywriting)\":\"2\",\"Dise\\u00f1o_de_Im\\u00e1genes\":\"2\",\"Edici\\u00f3n_de_video\":\"2\",\"Embudos_de_Conversi\\u00f3n\":\"2\",\"Marketing_Tradicional_(relaci\\u00f3n_con_medios,_radio,_prensa,_carteler\\u00eda)\":\"2\",\"Planificaci\\u00f3n_de_estrategias_de_Marketing_Digital\":\"2\",\"Control_de_Gesti\\u00f3n_y_costes_Nivel\":\"2\",\"u\\u00e9ntanos_aquello_que_te_hace_grande_en_este_campo_\\u00bfalg\\u00fan_logro_que_quieras_destacar?\":\"sa\",\"\\u00bfHas_dado_conferencias_y\\/o_escrito_en_medios_profesionales_del_sector_Hotelero?_(en_caso_afirmativo_indica_todo_lo_que_pueda_ayudarnos_a_conocerte_mejor)_\":\"sa\",\"\\u00bfDonde_has_aprendido_Revenue_Management?_(en_caso_de_no_tener_formaci\\u00f3n_sobre_esta_materia_ind\\u00edcalo)\":\"sa\",\"\\u00bfDonde_has_aprendido_Marketing_Hotelero?_(en_caso_de_no_tener_formaci\\u00f3n_sobre_esta_materia_ind\\u00edcalo)\":\"sa\",\"\\u00bfDonde_has_aprendido_Control_de_gesti\\u00f3n?_(en_caso_de_no_tener_formaci\\u00f3n_sobre_esta_materia_ind\\u00edcalo)\":\"sa\",\"Ingl\\u00e9s\":\"Soy capaz de mantener una conversaci\\u00f3n y comunicarme por email con mucha soltura y he vivido en un pa\\u00eds en el que se habla esta lengua durante m\\u00e1s de 5 meses (nivel 8-10 sobre 10)\",\"Franc\\u00e9s\":\"Soy capaz de mantener una conversaci\\u00f3n y comunicarme por email con mucha soltura y he vivido en un pa\\u00eds en el que se habla esta lengua durante m\\u00e1s de 5 meses (nivel 8-10 sobre 10)\",\"Alem\\u00e1n\":\"Soy capaz de mantener una conversaci\\u00f3n y comunicarme por email con mucha soltura y he vivido en un pa\\u00eds en el que se habla esta lengua durante m\\u00e1s de 5 meses (nivel 8-10 sobre 10)\",\"Indica_Conocimientos_en_otros_idiomas_(o_explicaciones_extra_sobre_los_anteriores_tales_como_titulaciones_etc___)\":\"sa\",\"Excel\":\"Tengo conocimientos intermedios (trabajar con f\\u00f3rmulas de c\\u00e1lculo)\",\"PMS_(Indica_qu\\u00e9_herramientas_de_este_tipo_conoces_y_tu_nivel_de_conocimiento_en_cada_una)_\":\"sa\",\"Channel_Manager_(Indica_qu\\u00e9_herramientas_de_este_tipo_conoces_y_tu_nivel_de_conocimiento_en_cada_una)\":\"sa\",\"RMS(Indica_qu\\u00e9_herramientas_de_este_tipo_conoces_y_tu_nivel_de_conocimiento_en_cada_una)\":\"sa\",\"Reviewer_(reputaci\\u00f3n_online)_(Indica_qu\\u00e9_herramientas_de_este_tipo_conoces_y_tu_nivel_de_conocimiento_en_cada_una)\":\"sa\",\"Shopper_(Indica_qu\\u00e9_herramientas_de_este_tipo_conoces_y_tu_nivel_de_conocimiento_en_cada_una)\":\"sa\",\"Power_Bi_(Indica_tu_nivel_de_conocimiento)\":\"sa\",\"CRM(Indica_qu\\u00e9_herramientas_de_este_tipo_conoces_y_tu_nivel_de_conocimiento_en_cada_una)_\":\"sa\",\"GDS_(Indica_cu\\u00e1les_conoces_y_tu_nivel_de_conocimiento_en_cada_uno)\":\"sa\",\"Python,_R_u_otras_herramaientas_de_an\\u00e1lisis_de_datos\":\"sa\",\"Carnet_de_conducir\":\"Si\",\"Veh\\u00edculo_propio\":\"Si\",\"Acepto_la_pol\\u00edtica_de_privacidad_\":\"Si\",\"0\":\"Si\"}', '19/02/2020'),
(25, '{\"Correo\":\"ysrr27@gmail.com\",\"Nombre_\":\"sanchez\",\"Apellido\":\"sanchez\",\"Tel\\u00e9fono\":\"1231\",\"Fecha_de_nacimiento\":\"02\\/19\\/2020\",\"Blog_\\/_canal_de_Youtube_u_otro_perfil_donde_transmitas_tus_conocimientos\":\"\",\"Perfil_de_Facebook_(indica_la_url_completa)\":\"\",\"Perfil_de_Instagram_(indica_la_url_completa)\":\"\",\"Perfil_de_Linkedin_(indica_la_url_completa)\":\"\",\"Perfil_de_Twitter_(indica_la_url_completa)\":\"\",\"Ciudad_de_Nacimiento\":\"sanchez\",\"Pa\\u00eds_de_Nacimiento_\":\"sanchez\",\"Pa\\u00eds_de_Residencia_\":\"sanchez\",\"Ciudad_de_Residencia\":\"sanchez\",\"Predisposici\\u00f3n_para_trabajar_en_otro_paises\":\"Solo por el pa\\u00eds en el que resido\",\"Ciudades_y_Pa\\u00edses_en_las_que_te_gustar\\u00eda_trabajar\":\"sanchez\",\"Cu\\u00e9ntanos,_en_breves_palabras,_lo_que_te_hace_un_gran_profesional_\":\"sanchez\",\"\\u00bfQu\\u00e9_buscas?_(puedes_seleccionar_varias)\":\"Pr\\u00e1cticas en Distribuci\\u00f3n Hotelera\",\"A\\u00f1os_de_experiencia_totales_Mercado_1:_Indica_los_pa\\u00edses_y_ciudades_de_los_hoteles_donde_has_gestionado_las_estrategias_de_Revenue_y_los_a\\u00f1os_de_experiencia_\":\"sanchez\",\"A\\u00f1os_de_experiencia_totales_Mercado_2:_Indica_los_pa\\u00edses_y_ciudades_de_los_hoteles_donde_has_gestionado_las_estrategias_de_Revenue_y_los_a\\u00f1os_de_experiencia\":\"sanchez\",\"A\\u00f1os_de_experiencia_totales_Mercado_3:_Indica_los_pa\\u00edses_y_ciudades_de_los_hoteles_donde_has_gestionado_las_estrategias_de_Revenue_y_los_a\\u00f1os_de_experiencia\":\"sanchez\",\"A\\u00f1os_de_experiencia_totales_Mercado_4:_Indica_los_pa\\u00edses_y_ciudades_de_los_hoteles_donde_has_gestionado_las_estrategias_de_Revenue_y_los_a\\u00f1os_de_experiencia\":\"sanchez\",\"Indica_tu_experiencia_en_el_segmento_Urbano\":\"sanchez\",\"Indica_tu_experiencia_en_el_segmento_Vacacional\":\"sanchez\",\"Indica_tu_experiencia_en_Otros_segmentos\":\"sanchez\",\"Indica_tu_experiencia_en_Rentals_\\/_Apartamentos_tur\\u00edsticos_\\/_Viviendas_de_uso_vacacional_\":\"sanchez\",\"Cu\\u00e9ntanos_aquello_que_te_hace_grande_en_este_campo_\\u00bfalg\\u00fan_logro_que_quieras_destacar?\":\"sanchez\",\"Indica_los_pa\\u00edses_donde_has_gestionado_las_estrategias_de_distribuci\\u00f3n_y_los_a\\u00f1os_de_experiencia\":\"sanchez\",\"Experiencia_en_distribuci\\u00f3n_Online_(nivel)\":\"1\",\"Si_lo_deseas_cu\\u00e9ntanos_m\\u00e1s_sobre_tu_experiencia_en_distribuci\\u00f3n_online\":\"sanchez\",\"Experiencia_en_distribuci\\u00f3n_Offline\":\"1\",\"Si_lo_deseas_cu\\u00e9ntanos_m\\u00e1s_sobre_tu_experiencia_en_distribuci\\u00f3n_offline\":\"sanchez\",\"\\u00bfHas_hecho_Revenue_para_otros_sectores?_(campos_de_golf,_restaurantes,_lineas_a\\u00e9reas,_spas,_salones___)_\\u00a1Cu\\u00e9ntanos_tu_experiencia!\":\"sanchez\",\"SEO_T\\u00e9cnico\":\"2\",\"SEO_Offpage_\":\"3\",\"SEM\":\"3\",\"RRSS\":\"3\",\"Email_Marketing\":\"3\",\"Redacci\\u00f3n_de_contenidos_(Blogging_y_copywriting)\":\"2\",\"Dise\\u00f1o_de_Im\\u00e1genes\":\"2\",\"Edici\\u00f3n_de_video\":\"2\",\"Embudos_de_Conversi\\u00f3n\":\"3\",\"Marketing_Tradicional_(relaci\\u00f3n_con_medios,_radio,_prensa,_carteler\\u00eda)\":\"3\",\"Planificaci\\u00f3n_de_estrategias_de_Marketing_Digital\":\"2\",\"Control_de_Gesti\\u00f3n_y_costes_Nivel\":\"2\",\"u\\u00e9ntanos_aquello_que_te_hace_grande_en_este_campo_\\u00bfalg\\u00fan_logro_que_quieras_destacar?\":\"sanchez\",\"\\u00bfHas_dado_conferencias_y\\/o_escrito_en_medios_profesionales_del_sector_Hotelero?_(en_caso_afirmativo_indica_todo_lo_que_pueda_ayudarnos_a_conocerte_mejor)_\":\"sanchez\",\"\\u00bfDonde_has_aprendido_Revenue_Management?_(en_caso_de_no_tener_formaci\\u00f3n_sobre_esta_materia_ind\\u00edcalo)\":\"sanchez\",\"\\u00bfDonde_has_aprendido_Marketing_Hotelero?_(en_caso_de_no_tener_formaci\\u00f3n_sobre_esta_materia_ind\\u00edcalo)\":\"sanchez\",\"\\u00bfDonde_has_aprendido_Control_de_gesti\\u00f3n?_(en_caso_de_no_tener_formaci\\u00f3n_sobre_esta_materia_ind\\u00edcalo)\":\"sanchez\",\"Ingl\\u00e9s\":\"Soy capaz de mantener una conversaci\\u00f3n y comunicarme por email con mucha soltura y he vivido en un pa\\u00eds en el que se habla esta lengua durante m\\u00e1s de 5 meses (nivel 8-10 sobre 10)\",\"Franc\\u00e9s\":\"Soy capaz de mantener una conversaci\\u00f3n y comunicarme por email con mucha soltura y he vivido en un pa\\u00eds en el que se habla esta lengua durante m\\u00e1s de 5 meses (nivel 8-10 sobre 10)\",\"Alem\\u00e1n\":\"Soy capaz de mantener una conversaci\\u00f3n y comunicarme por email con mucha soltura y he vivido en un pa\\u00eds en el que se habla esta lengua durante m\\u00e1s de 5 meses (nivel 8-10 sobre 10)\",\"Indica_Conocimientos_en_otros_idiomas_(o_explicaciones_extra_sobre_los_anteriores_tales_como_titulaciones_etc___)\":\"sanchez\",\"Excel\":\"Tengo conocimientos b\\u00e1sicos (dar formato)\",\"PMS_(Indica_qu\\u00e9_herramientas_de_este_tipo_conoces_y_tu_nivel_de_conocimiento_en_cada_una)_\":\"sanchez\",\"Channel_Manager_(Indica_qu\\u00e9_herramientas_de_este_tipo_conoces_y_tu_nivel_de_conocimiento_en_cada_una)\":\"sanchez\",\"RMS(Indica_qu\\u00e9_herramientas_de_este_tipo_conoces_y_tu_nivel_de_conocimiento_en_cada_una)\":\"sanchez\",\"Reviewer_(reputaci\\u00f3n_online)_(Indica_qu\\u00e9_herramientas_de_este_tipo_conoces_y_tu_nivel_de_conocimiento_en_cada_una)\":\"sanchez\",\"Shopper_(Indica_qu\\u00e9_herramientas_de_este_tipo_conoces_y_tu_nivel_de_conocimiento_en_cada_una)\":\"sanchez\",\"Power_Bi_(Indica_tu_nivel_de_conocimiento)\":\"sanchez\",\"CRM(Indica_qu\\u00e9_herramientas_de_este_tipo_conoces_y_tu_nivel_de_conocimiento_en_cada_una)_\":\"sanchez\",\"GDS_(Indica_cu\\u00e1les_conoces_y_tu_nivel_de_conocimiento_en_cada_uno)\":\"sanchez\",\"Python,_R_u_otras_herramaientas_de_an\\u00e1lisis_de_datos\":\"sanchez\",\"Carnet_de_conducir\":\"Si\",\"Veh\\u00edculo_propio\":\"Si\",\"Acepto_la_pol\\u00edtica_de_privacidad_\":\"Si\",\"0\":\"Si\"}', '19/02/2020'),
(26, '{\"Correo\":\"ysrr27@gmail.com\",\"Nombre_\":\"ysrrael\",\"Apellido\":\"ysrrael\",\"Tel\\u00e9fono\":\"ysrrael\",\"Fecha_de_nacimiento\":\"02\\/19\\/2020\",\"Blog_\\/_canal_de_Youtube_u_otro_perfil_donde_transmitas_tus_conocimientos\":\"\",\"Perfil_de_Facebook_(indica_la_url_completa)\":\"\",\"Perfil_de_Instagram_(indica_la_url_completa)\":\"\",\"Perfil_de_Linkedin_(indica_la_url_completa)\":\"\",\"Perfil_de_Twitter_(indica_la_url_completa)\":\"\",\"Ciudad_de_Nacimiento\":\"ysrrael\",\"Pa\\u00eds_de_Nacimiento_\":\"ysrrael\",\"Pa\\u00eds_de_Residencia_\":\"ysrrael\",\"Ciudad_de_Residencia\":\"ysrrael\",\"Predisposici\\u00f3n_para_trabajar_en_otro_paises\":\"Solo por el pa\\u00eds en el que resido\",\"Ciudades_y_Pa\\u00edses_en_las_que_te_gustar\\u00eda_trabajar\":\"ysrrael\",\"Cu\\u00e9ntanos,_en_breves_palabras,_lo_que_te_hace_un_gran_profesional_\":\"ysrrael\",\"\\u00bfQu\\u00e9_buscas?_(puedes_seleccionar_varias)\":\"Pr\\u00e1cticas de Revenue Manager\",\"A\\u00f1os_de_experiencia_totales_Mercado_1:_Indica_los_pa\\u00edses_y_ciudades_de_los_hoteles_donde_has_gestionado_las_estrategias_de_Revenue_y_los_a\\u00f1os_de_experiencia_\":\"ysrrael\",\"A\\u00f1os_de_experiencia_totales_Mercado_2:_Indica_los_pa\\u00edses_y_ciudades_de_los_hoteles_donde_has_gestionado_las_estrategias_de_Revenue_y_los_a\\u00f1os_de_experiencia\":\"ysrrael\",\"A\\u00f1os_de_experiencia_totales_Mercado_3:_Indica_los_pa\\u00edses_y_ciudades_de_los_hoteles_donde_has_gestionado_las_estrategias_de_Revenue_y_los_a\\u00f1os_de_experiencia\":\"ysrrael\",\"A\\u00f1os_de_experiencia_totales_Mercado_4:_Indica_los_pa\\u00edses_y_ciudades_de_los_hoteles_donde_has_gestionado_las_estrategias_de_Revenue_y_los_a\\u00f1os_de_experiencia\":\"ysrrael\",\"Indica_tu_experiencia_en_el_segmento_Urbano\":\"ysrrael\",\"Indica_tu_experiencia_en_el_segmento_Vacacional\":\"ysrrael\",\"Indica_tu_experiencia_en_Otros_segmentos\":\"ysrrael\",\"Indica_tu_experiencia_en_Rentals_\\/_Apartamentos_tur\\u00edsticos_\\/_Viviendas_de_uso_vacacional_\":\"ysrrael\",\"Cu\\u00e9ntanos_aquello_que_te_hace_grande_en_este_campo_\\u00bfalg\\u00fan_logro_que_quieras_destacar?\":\"ysrrael\",\"Indica_los_pa\\u00edses_donde_has_gestionado_las_estrategias_de_distribuci\\u00f3n_y_los_a\\u00f1os_de_experiencia\":\"ysrrael\",\"Experiencia_en_distribuci\\u00f3n_Online_(nivel)\":\"3\",\"Si_lo_deseas_cu\\u00e9ntanos_m\\u00e1s_sobre_tu_experiencia_en_distribuci\\u00f3n_online\":\"ysrrael\",\"Experiencia_en_distribuci\\u00f3n_Offline\":\"3\",\"Si_lo_deseas_cu\\u00e9ntanos_m\\u00e1s_sobre_tu_experiencia_en_distribuci\\u00f3n_offline\":\"ysrrael\",\"\\u00bfHas_hecho_Revenue_para_otros_sectores?_(campos_de_golf,_restaurantes,_lineas_a\\u00e9reas,_spas,_salones___)_\\u00a1Cu\\u00e9ntanos_tu_experiencia!\":\"ysrrael\",\"SEO_T\\u00e9cnico\":\"1\",\"SEO_Offpage_\":\"1\",\"SEM\":\"2\",\"RRSS\":\"2\",\"Email_Marketing\":\"3\",\"Redacci\\u00f3n_de_contenidos_(Blogging_y_copywriting)\":\"4\",\"Dise\\u00f1o_de_Im\\u00e1genes\":\"5\",\"Edici\\u00f3n_de_video\":\"5\",\"Embudos_de_Conversi\\u00f3n\":\"4\",\"Marketing_Tradicional_(relaci\\u00f3n_con_medios,_radio,_prensa,_carteler\\u00eda)\":\"3\",\"Planificaci\\u00f3n_de_estrategias_de_Marketing_Digital\":\"2\",\"Control_de_Gesti\\u00f3n_y_costes_Nivel\":\"3\",\"u\\u00e9ntanos_aquello_que_te_hace_grande_en_este_campo_\\u00bfalg\\u00fan_logro_que_quieras_destacar?\":\"ysrrael\",\"\\u00bfHas_dado_conferencias_y\\/o_escrito_en_medios_profesionales_del_sector_Hotelero?_(en_caso_afirmativo_indica_todo_lo_que_pueda_ayudarnos_a_conocerte_mejor)_\":\"ysrrael\",\"\\u00bfDonde_has_aprendido_Revenue_Management?_(en_caso_de_no_tener_formaci\\u00f3n_sobre_esta_materia_ind\\u00edcalo)\":\"ysrrael\",\"\\u00bfDonde_has_aprendido_Marketing_Hotelero?_(en_caso_de_no_tener_formaci\\u00f3n_sobre_esta_materia_ind\\u00edcalo)\":\"ysrrael\",\"\\u00bfDonde_has_aprendido_Control_de_gesti\\u00f3n?_(en_caso_de_no_tener_formaci\\u00f3n_sobre_esta_materia_ind\\u00edcalo)\":\"ysrrael\",\"Ingl\\u00e9s\":\"Soy capaz de mantener una conversaci\\u00f3n y comunicarme por email con mucha soltura y he vivido en un pa\\u00eds en el que se habla esta lengua durante m\\u00e1s de 5 meses (nivel 8-10 sobre 10)\",\"Franc\\u00e9s\":\"Soy capaz de mantener una conversaci\\u00f3n y comunicarme por email con mucha soltura y he vivido en un pa\\u00eds en el que se habla esta lengua durante m\\u00e1s de 5 meses (nivel 8-10 sobre 10)\",\"Alem\\u00e1n\":\"Soy capaz de mantener una conversaci\\u00f3n y comunicarme por email con mucha soltura y he vivido en un pa\\u00eds en el que se habla esta lengua durante m\\u00e1s de 5 meses (nivel 8-10 sobre 10)\",\"Indica_Conocimientos_en_otros_idiomas_(o_explicaciones_extra_sobre_los_anteriores_tales_como_titulaciones_etc___)\":\"m\",\"Excel\":\"Tengo conocimientos b\\u00e1sicos (dar formato)\",\"PMS_(Indica_qu\\u00e9_herramientas_de_este_tipo_conoces_y_tu_nivel_de_conocimiento_en_cada_una)_\":\"m\",\"Channel_Manager_(Indica_qu\\u00e9_herramientas_de_este_tipo_conoces_y_tu_nivel_de_conocimiento_en_cada_una)\":\"m\",\"RMS(Indica_qu\\u00e9_herramientas_de_este_tipo_conoces_y_tu_nivel_de_conocimiento_en_cada_una)\":\"m\",\"Reviewer_(reputaci\\u00f3n_online)_(Indica_qu\\u00e9_herramientas_de_este_tipo_conoces_y_tu_nivel_de_conocimiento_en_cada_una)\":\"m\",\"Shopper_(Indica_qu\\u00e9_herramientas_de_este_tipo_conoces_y_tu_nivel_de_conocimiento_en_cada_una)\":\"m\",\"Power_Bi_(Indica_tu_nivel_de_conocimiento)\":\"m\",\"CRM(Indica_qu\\u00e9_herramientas_de_este_tipo_conoces_y_tu_nivel_de_conocimiento_en_cada_una)_\":\"m\",\"GDS_(Indica_cu\\u00e1les_conoces_y_tu_nivel_de_conocimiento_en_cada_uno)\":\"m\",\"Python,_R_u_otras_herramaientas_de_an\\u00e1lisis_de_datos\":\"m\",\"Carnet_de_conducir\":\"Si\",\"Veh\\u00edculo_propio\":\"Si\",\"Acepto_la_pol\\u00edtica_de_privacidad_\":\"Si\",\"0\":\"Si\"}', '19/02/2020'),
(27, '{\"Correo\":\"ysrr27@hotmail.com\",\"Nombre_\":\"prueba\",\"Apellido\":\"prueba\",\"Tel\\u00e9fono\":\"prueba\",\"Fecha_de_nacimiento\":\"02\\/19\\/2020\",\"Blog_\\/_canal_de_Youtube_u_otro_perfil_donde_transmitas_tus_conocimientos\":\"\",\"Perfil_de_Facebook_(indica_la_url_completa)\":\"\",\"Perfil_de_Instagram_(indica_la_url_completa)\":\"\",\"Perfil_de_Linkedin_(indica_la_url_completa)\":\"\",\"Perfil_de_Twitter_(indica_la_url_completa)\":\"\",\"Ciudad_de_Nacimiento\":\"prueba\",\"Pa\\u00eds_de_Nacimiento_\":\"prueba\",\"Pa\\u00eds_de_Residencia_\":\"prueba\",\"Ciudad_de_Residencia\":\"prueba\",\"Predisposici\\u00f3n_para_trabajar_en_otro_paises\":\"Solo por el pa\\u00eds en el que resido\",\"Ciudades_y_Pa\\u00edses_en_las_que_te_gustar\\u00eda_trabajar\":\"prueba\",\"Cu\\u00e9ntanos,_en_breves_palabras,_lo_que_te_hace_un_gran_profesional_\":\"prueba\",\"\\u00bfQu\\u00e9_buscas?_(puedes_seleccionar_varias)\":\"Pr\\u00e1cticas de Revenue Manager\",\"A\\u00f1os_de_experiencia_totales_Mercado_1:_Indica_los_pa\\u00edses_y_ciudades_de_los_hoteles_donde_has_gestionado_las_estrategias_de_Revenue_y_los_a\\u00f1os_de_experiencia_\":\"prueba\",\"A\\u00f1os_de_experiencia_totales_Mercado_2:_Indica_los_pa\\u00edses_y_ciudades_de_los_hoteles_donde_has_gestionado_las_estrategias_de_Revenue_y_los_a\\u00f1os_de_experiencia\":\"prueba\",\"A\\u00f1os_de_experiencia_totales_Mercado_3:_Indica_los_pa\\u00edses_y_ciudades_de_los_hoteles_donde_has_gestionado_las_estrategias_de_Revenue_y_los_a\\u00f1os_de_experiencia\":\"prueba\",\"A\\u00f1os_de_experiencia_totales_Mercado_4:_Indica_los_pa\\u00edses_y_ciudades_de_los_hoteles_donde_has_gestionado_las_estrategias_de_Revenue_y_los_a\\u00f1os_de_experiencia\":\"prueba\",\"Indica_tu_experiencia_en_el_segmento_Urbano\":\"prueba\",\"Indica_tu_experiencia_en_el_segmento_Vacacional\":\"prueba\",\"Indica_tu_experiencia_en_Otros_segmentos\":\"prueba\",\"Indica_tu_experiencia_en_Rentals_\\/_Apartamentos_tur\\u00edsticos_\\/_Viviendas_de_uso_vacacional_\":\"prueba\",\"Cu\\u00e9ntanos_aquello_que_te_hace_grande_en_este_campo_\\u00bfalg\\u00fan_logro_que_quieras_destacar?\":\"prueba\",\"Indica_los_pa\\u00edses_donde_has_gestionado_las_estrategias_de_distribuci\\u00f3n_y_los_a\\u00f1os_de_experiencia\":\"prueba\",\"Experiencia_en_distribuci\\u00f3n_Online_(nivel)\":\"1\",\"Si_lo_deseas_cu\\u00e9ntanos_m\\u00e1s_sobre_tu_experiencia_en_distribuci\\u00f3n_online\":\"prueba\",\"Experiencia_en_distribuci\\u00f3n_Offline\":\"1\",\"Si_lo_deseas_cu\\u00e9ntanos_m\\u00e1s_sobre_tu_experiencia_en_distribuci\\u00f3n_offline\":\"prueba\",\"\\u00bfHas_hecho_Revenue_para_otros_sectores?_(campos_de_golf,_restaurantes,_lineas_a\\u00e9reas,_spas,_salones___)_\\u00a1Cu\\u00e9ntanos_tu_experiencia!\":\"prueba\",\"SEO_T\\u00e9cnico\":\"0\",\"SEO_Offpage_\":\"2\",\"SEM\":\"2\",\"RRSS\":\"3\",\"Email_Marketing\":\"3\",\"Redacci\\u00f3n_de_contenidos_(Blogging_y_copywriting)\":\"3\",\"Dise\\u00f1o_de_Im\\u00e1genes\":\"3\",\"Edici\\u00f3n_de_video\":\"3\",\"Embudos_de_Conversi\\u00f3n\":\"3\",\"Marketing_Tradicional_(relaci\\u00f3n_con_medios,_radio,_prensa,_carteler\\u00eda)\":\"3\",\"Planificaci\\u00f3n_de_estrategias_de_Marketing_Digital\":\"3\",\"Control_de_Gesti\\u00f3n_y_costes_Nivel\":\"3\",\"u\\u00e9ntanos_aquello_que_te_hace_grande_en_este_campo_\\u00bfalg\\u00fan_logro_que_quieras_destacar?\":\"prueba\",\"\\u00bfHas_dado_conferencias_y\\/o_escrito_en_medios_profesionales_del_sector_Hotelero?_(en_caso_afirmativo_indica_todo_lo_que_pueda_ayudarnos_a_conocerte_mejor)_\":\"prueba\",\"\\u00bfDonde_has_aprendido_Revenue_Management?_(en_caso_de_no_tener_formaci\\u00f3n_sobre_esta_materia_ind\\u00edcalo)\":\"prueba\",\"\\u00bfDonde_has_aprendido_Marketing_Hotelero?_(en_caso_de_no_tener_formaci\\u00f3n_sobre_esta_materia_ind\\u00edcalo)\":\"prueba\",\"\\u00bfDonde_has_aprendido_Control_de_gesti\\u00f3n?_(en_caso_de_no_tener_formaci\\u00f3n_sobre_esta_materia_ind\\u00edcalo)\":\"prueba\",\"Ingl\\u00e9s\":\"Soy capaz de mantener una conversaci\\u00f3n y comunicarme por email con mucha soltura y he vivido en un pa\\u00eds en el que se habla esta lengua durante m\\u00e1s de 5 meses (nivel 8-10 sobre 10)\",\"Franc\\u00e9s\":\"Soy capaz de mantener una conversaci\\u00f3n y comunicarme por email con mucha soltura y he vivido en un pa\\u00eds en el que se habla esta lengua durante m\\u00e1s de 5 meses (nivel 8-10 sobre 10)\",\"Alem\\u00e1n\":\"Soy capaz de mantener una conversaci\\u00f3n y comunicarme por email con mucha soltura y he vivido en un pa\\u00eds en el que se habla esta lengua durante m\\u00e1s de 5 meses (nivel 8-10 sobre 10)\",\"Indica_Conocimientos_en_otros_idiomas_(o_explicaciones_extra_sobre_los_anteriores_tales_como_titulaciones_etc___)\":\"prueba\",\"Excel\":\"Tengo conocimientos intermedios (trabajar con f\\u00f3rmulas de c\\u00e1lculo)\",\"PMS_(Indica_qu\\u00e9_herramientas_de_este_tipo_conoces_y_tu_nivel_de_conocimiento_en_cada_una)_\":\"prueba\",\"Channel_Manager_(Indica_qu\\u00e9_herramientas_de_este_tipo_conoces_y_tu_nivel_de_conocimiento_en_cada_una)\":\"prueba\",\"RMS(Indica_qu\\u00e9_herramientas_de_este_tipo_conoces_y_tu_nivel_de_conocimiento_en_cada_una)\":\"prueba\",\"Reviewer_(reputaci\\u00f3n_online)_(Indica_qu\\u00e9_herramientas_de_este_tipo_conoces_y_tu_nivel_de_conocimiento_en_cada_una)\":\"prueba\",\"Shopper_(Indica_qu\\u00e9_herramientas_de_este_tipo_conoces_y_tu_nivel_de_conocimiento_en_cada_una)\":\"prueba\",\"Power_Bi_(Indica_tu_nivel_de_conocimiento)\":\"prueba\",\"CRM(Indica_qu\\u00e9_herramientas_de_este_tipo_conoces_y_tu_nivel_de_conocimiento_en_cada_una)_\":\"prueba\",\"GDS_(Indica_cu\\u00e1les_conoces_y_tu_nivel_de_conocimiento_en_cada_uno)\":\"prueba\",\"Python,_R_u_otras_herramaientas_de_an\\u00e1lisis_de_datos\":\"prueba\",\"Carnet_de_conducir\":\"Si\",\"Veh\\u00edculo_propio\":\"Si\",\"Acepto_la_pol\\u00edtica_de_privacidad_\":\"Si\",\"0\":\"Si\"}', '19/02/2020');
INSERT INTO `mrw_candidatos` (`idcandidatos`, `respuestas`, `fecha`) VALUES
(28, '{\"Correo\":\"ysrr27@hotmail.com\",\"Nombre_\":\"pruebaa\",\"Apellido\":\"pruebaa\",\"Tel\\u00e9fono\":\"pruebaa\",\"Fecha_de_nacimiento\":\"02\\/19\\/2020\",\"Blog_\\/_canal_de_Youtube_u_otro_perfil_donde_transmitas_tus_conocimientos\":\"\",\"Perfil_de_Facebook_(indica_la_url_completa)\":\"\",\"Perfil_de_Instagram_(indica_la_url_completa)\":\"\",\"Perfil_de_Linkedin_(indica_la_url_completa)\":\"\",\"Perfil_de_Twitter_(indica_la_url_completa)\":\"\",\"Ciudad_de_Nacimiento\":\"pruebaa\",\"Pa\\u00eds_de_Nacimiento_\":\"pruebaa\",\"Pa\\u00eds_de_Residencia_\":\"pruebaa\",\"Ciudad_de_Residencia\":\"pruebaa\",\"Predisposici\\u00f3n_para_trabajar_en_otro_paises\":\"Solo por el pa\\u00eds en el que resido\",\"Ciudades_y_Pa\\u00edses_en_las_que_te_gustar\\u00eda_trabajar\":\"pruebaa\",\"Cu\\u00e9ntanos,_en_breves_palabras,_lo_que_te_hace_un_gran_profesional_\":\"pruebaa\",\"\\u00bfQu\\u00e9_buscas?_(puedes_seleccionar_varias)\":\"Pr\\u00e1cticas de Revenue Manager\",\"A\\u00f1os_de_experiencia_totales_Mercado_1:_Indica_los_pa\\u00edses_y_ciudades_de_los_hoteles_donde_has_gestionado_las_estrategias_de_Revenue_y_los_a\\u00f1os_de_experiencia_\":\"pruebaa\",\"A\\u00f1os_de_experiencia_totales_Mercado_2:_Indica_los_pa\\u00edses_y_ciudades_de_los_hoteles_donde_has_gestionado_las_estrategias_de_Revenue_y_los_a\\u00f1os_de_experiencia\":\"pruebaa\",\"A\\u00f1os_de_experiencia_totales_Mercado_3:_Indica_los_pa\\u00edses_y_ciudades_de_los_hoteles_donde_has_gestionado_las_estrategias_de_Revenue_y_los_a\\u00f1os_de_experiencia\":\"pruebaa\",\"A\\u00f1os_de_experiencia_totales_Mercado_4:_Indica_los_pa\\u00edses_y_ciudades_de_los_hoteles_donde_has_gestionado_las_estrategias_de_Revenue_y_los_a\\u00f1os_de_experiencia\":\"pruebaa\",\"Indica_tu_experiencia_en_el_segmento_Urbano\":\"pruebaa\",\"Indica_tu_experiencia_en_el_segmento_Vacacional\":\"pruebaa\",\"Indica_tu_experiencia_en_Otros_segmentos\":\"pruebaa\",\"Indica_tu_experiencia_en_Rentals_\\/_Apartamentos_tur\\u00edsticos_\\/_Viviendas_de_uso_vacacional_\":\"pruebaa\",\"Cu\\u00e9ntanos_aquello_que_te_hace_grande_en_este_campo_\\u00bfalg\\u00fan_logro_que_quieras_destacar?\":\"pruebaa\",\"Indica_los_pa\\u00edses_donde_has_gestionado_las_estrategias_de_distribuci\\u00f3n_y_los_a\\u00f1os_de_experiencia\":\"pruebaa\",\"Experiencia_en_distribuci\\u00f3n_Online_(nivel)\":\"1\",\"Si_lo_deseas_cu\\u00e9ntanos_m\\u00e1s_sobre_tu_experiencia_en_distribuci\\u00f3n_online\":\"pruebaa\",\"Experiencia_en_distribuci\\u00f3n_Offline\":\"1\",\"Si_lo_deseas_cu\\u00e9ntanos_m\\u00e1s_sobre_tu_experiencia_en_distribuci\\u00f3n_offline\":\"pruebaa\",\"\\u00bfHas_hecho_Revenue_para_otros_sectores?_(campos_de_golf,_restaurantes,_lineas_a\\u00e9reas,_spas,_salones___)_\\u00a1Cu\\u00e9ntanos_tu_experiencia!\":\"pruebaa\",\"SEO_T\\u00e9cnico\":\"1\",\"SEO_Offpage_\":\"0\",\"SEM\":\"1\",\"RRSS\":\"0\",\"Email_Marketing\":\"0\",\"Redacci\\u00f3n_de_contenidos_(Blogging_y_copywriting)\":\"1\",\"Dise\\u00f1o_de_Im\\u00e1genes\":\"2\",\"Edici\\u00f3n_de_video\":\"1\",\"Embudos_de_Conversi\\u00f3n\":\"0\",\"Marketing_Tradicional_(relaci\\u00f3n_con_medios,_radio,_prensa,_carteler\\u00eda)\":\"1\",\"Planificaci\\u00f3n_de_estrategias_de_Marketing_Digital\":\"2\",\"Control_de_Gesti\\u00f3n_y_costes_Nivel\":\"1\",\"u\\u00e9ntanos_aquello_que_te_hace_grande_en_este_campo_\\u00bfalg\\u00fan_logro_que_quieras_destacar?\":\"pruebaa\",\"\\u00bfHas_dado_conferencias_y\\/o_escrito_en_medios_profesionales_del_sector_Hotelero?_(en_caso_afirmativo_indica_todo_lo_que_pueda_ayudarnos_a_conocerte_mejor)_\":\"pruebaa\",\"\\u00bfDonde_has_aprendido_Revenue_Management?_(en_caso_de_no_tener_formaci\\u00f3n_sobre_esta_materia_ind\\u00edcalo)\":\"pruebaa\",\"\\u00bfDonde_has_aprendido_Marketing_Hotelero?_(en_caso_de_no_tener_formaci\\u00f3n_sobre_esta_materia_ind\\u00edcalo)\":\"pruebaa\",\"\\u00bfDonde_has_aprendido_Control_de_gesti\\u00f3n?_(en_caso_de_no_tener_formaci\\u00f3n_sobre_esta_materia_ind\\u00edcalo)\":\"pruebaa\",\"Ingl\\u00e9s\":\"Soy capaz de mantener una conversaci\\u00f3n y comunicarme por email con mucha soltura y he vivido en un pa\\u00eds en el que se habla esta lengua durante m\\u00e1s de 5 meses (nivel 8-10 sobre 10)\",\"Franc\\u00e9s\":\"Soy capaz de mantener una conversaci\\u00f3n y comunicarme por email con mucha soltura y he vivido en un pa\\u00eds en el que se habla esta lengua durante m\\u00e1s de 5 meses (nivel 8-10 sobre 10)\",\"Alem\\u00e1n\":\"Soy capaz de mantener una conversaci\\u00f3n y comunicarme por email con mucha soltura y he vivido en un pa\\u00eds en el que se habla esta lengua durante m\\u00e1s de 5 meses (nivel 8-10 sobre 10)\",\"Indica_Conocimientos_en_otros_idiomas_(o_explicaciones_extra_sobre_los_anteriores_tales_como_titulaciones_etc___)\":\"pruebaa\",\"Excel\":\"Tengo conocimientos intermedios (trabajar con f\\u00f3rmulas de c\\u00e1lculo)\",\"PMS_(Indica_qu\\u00e9_herramientas_de_este_tipo_conoces_y_tu_nivel_de_conocimiento_en_cada_una)_\":\"pruebaa\",\"Channel_Manager_(Indica_qu\\u00e9_herramientas_de_este_tipo_conoces_y_tu_nivel_de_conocimiento_en_cada_una)\":\"pruebaa\",\"RMS(Indica_qu\\u00e9_herramientas_de_este_tipo_conoces_y_tu_nivel_de_conocimiento_en_cada_una)\":\"pruebaa\",\"Reviewer_(reputaci\\u00f3n_online)_(Indica_qu\\u00e9_herramientas_de_este_tipo_conoces_y_tu_nivel_de_conocimiento_en_cada_una)\":\"pruebaa\",\"Shopper_(Indica_qu\\u00e9_herramientas_de_este_tipo_conoces_y_tu_nivel_de_conocimiento_en_cada_una)\":\"pruebaa\",\"Power_Bi_(Indica_tu_nivel_de_conocimiento)\":\"pruebaa\",\"CRM(Indica_qu\\u00e9_herramientas_de_este_tipo_conoces_y_tu_nivel_de_conocimiento_en_cada_una)_\":\"pruebaa\",\"GDS_(Indica_cu\\u00e1les_conoces_y_tu_nivel_de_conocimiento_en_cada_uno)\":\"pruebaa\",\"Python,_R_u_otras_herramaientas_de_an\\u00e1lisis_de_datos\":\"pruebaa\",\"Carnet_de_conducir\":\"Si\",\"Veh\\u00edculo_propio\":\"Si\",\"Acepto_la_pol\\u00edtica_de_privacidad_\":\"Si\",\"0\":\"Si\"}', '19/02/2020'),
(29, '[]', '17/04/2020');

-- --------------------------------------------------------

--
-- Estructura de tabla para la tabla `rmw_metadatos`
--

CREATE TABLE `rmw_metadatos` (
  `idmeta` int(100) NOT NULL,
  `pagina` varchar(100) DEFAULT NULL,
  `title` varchar(100) DEFAULT NULL,
  `type` varchar(100) DEFAULT NULL,
  `url` varchar(100) DEFAULT NULL,
  `description` text,
  `site_name` varchar(100) DEFAULT NULL,
  `locale` varchar(100) DEFAULT NULL,
  `keywords` varchar(100) DEFAULT NULL
) ENGINE=InnoDB DEFAULT CHARSET=latin1;

--
-- Volcado de datos para la tabla `rmw_metadatos`
--

INSERT INTO `rmw_metadatos` (`idmeta`, `pagina`, `title`, `type`, `url`, `description`, `site_name`, `locale`, `keywords`) VALUES
(1, 'home', '@Trabajos de revenue management', 'website', 'http://headhunter/', 'Pagína de inicio Trabajos de revenue management ', 'home222', 'es_ES', 'Trabajo,trabajo,Ofertas,ofertas,Talentos,talentos'),
(2, 'candidatos', 'Trabajos de revenue management', 'website', 'http://headhunter/candidatos/postulate', '¿Eres profesional del Revenue Management , la Distribución Hotelera, el Marketing Hotelero de Apartamentos, Viviendas Vacacionales o Rentals? ¡Queremos conocerte y ayudarte! ', 'candidatos', 'es_ES', 'Trabajo,trabajo,Ofertas,ofertas,Talentos,talentos'),
(3, 'reclutas', 'Trabajos de revenue management.', 'website', 'http://headhunter/reclutas/contacto', 'Si quieres que te ayudemos a encontrar el profesional perfecto para tu vacante de Revenue Management , Distribución o Marketing Hotelero déjanos tus datos y nos pondremos en contacto contigo.', 'reclutas', 'es_ES', '');

-- --------------------------------------------------------

--
-- Estructura de tabla para la tabla `rmw_pasos`
--

CREATE TABLE `rmw_pasos` (
  `idpaso` int(100) NOT NULL,
  `nombre_paso` varchar(100) DEFAULT NULL,
  `titulo_paso` varchar(100) DEFAULT NULL,
  `valor_paso` varchar(100) DEFAULT NULL
) ENGINE=InnoDB DEFAULT CHARSET=latin1;

--
-- Volcado de datos para la tabla `rmw_pasos`
--

INSERT INTO `rmw_pasos` (`idpaso`, `nombre_paso`, `titulo_paso`, `valor_paso`) VALUES
(1, 'Paso 1', 'DATOS PERSONALES', '1'),
(2, 'Paso 2', 'DATOS 2.0', '2'),
(3, 'Paso 3', 'DATOS GEOGRÁFICOS', '3'),
(4, 'Paso 4', 'DATOS SOBRE TUS APTITUDES PROFESIONALES', '4'),
(5, 'Paso 5', 'EXPERIENCIAS PROFESIONALES\r\n', '5'),
(6, 'Paso 6', 'OTRA INFORMACIÓN', '6');

-- --------------------------------------------------------

--
-- Estructura de tabla para la tabla `rmw_preguntas`
--

CREATE TABLE `rmw_preguntas` (
  `idpregunta` int(100) NOT NULL,
  `pregunta` varchar(255) DEFAULT NULL,
  `formato_pregunta` text,
  `tipo_pregunta` varchar(255) DEFAULT NULL,
  `paso` varchar(100) DEFAULT NULL,
  `opciones` text,
  `requerido` varchar(100) DEFAULT NULL,
  `orden` varchar(100) DEFAULT NULL
) ENGINE=InnoDB DEFAULT CHARSET=latin1;

--
-- Volcado de datos para la tabla `rmw_preguntas`
--

INSERT INTO `rmw_preguntas` (`idpregunta`, `pregunta`, `formato_pregunta`, `tipo_pregunta`, `paso`, `opciones`, `requerido`, `orden`) VALUES
(1, 'Correo', '<input type=\"text\" id=\"Correo\" class=\"form-control\" name=\"Correo\" required>', 'text', '1', 'Respuesta Corta', 'required', '1'),
(2, 'Nombre.', '<input type=\"text\" id=\"Nombre.\" class=\"form-control\" name=\"Nombre.\" required>', 'text', '1', 'Respuesta Corta', 'required', '2'),
(3, 'Apellido', '<input type=\"text\" id=\"Apellido\" class=\"form-control\" name=\"Apellido\" required>', 'text', '1', 'Respuesta Corta', 'required', '3'),
(4, 'Teléfono', '<input type=\"text\" id=\"Teléfono\" class=\"form-control\" name=\"Teléfono\" required>', 'text', '1', 'Respuesta Corta', 'required', '4'),
(5, 'Fecha de nacimiento', '<div class=\"control-group\"><div class=\"controls\"><div class=\"xdisplay_inputx form-group has-feedback\"> <input type=\"text\" class=\"form-control has-feedback-left\" id=\"single_cal1\" name=\"Fecha de nacimiento\" placeholder=\"\" aria-describedby=\"inputSuccess2Status1\"><span class=\"fa fa-calendar-o form-control-feedback left\" aria-hidden=\"true\"></span><span id=\"inputSuccess2Status1\" class=\"sr-only\">(success)</span></div></div></div>', 'text', '1', 'Respuesta Corta', 'required', '5'),
(6, 'Blog / canal de Youtube u otro perfil donde transmitas tus conocimientos', '<input type=\"text\" id=\"Blog / canal de Youtube u otro perfil donde transmitas tus conocimientos\" class=\"form-control\" name=\"Blog / canal de Youtube u otro perfil donde transmitas tus conocimientos\" required>', 'text', '2', 'Respuesta Corta', NULL, '7'),
(7, 'Perfil de Facebook (indica la url completa)', '<input type=\"text\" id=\"Perfil de Facebook (indica la url completa)\" class=\"form-control\" name=\"Perfil de Facebook (indica la url completa)\" required>', 'text', '2', 'Respuesta Corta', NULL, '8'),
(8, 'Perfil de Twitter (indica la url completa)', '<input type=\"text\" id=\"Perfil de Twitter (indica la url completa)\" class=\"form-control\" name=\"Perfil de Twitter (indica la url completa)\" required>', 'text', '2', 'Respuesta Corta', NULL, '11'),
(9, 'Perfil de Instagram (indica la url completa)', '<input type=\"text\" id=\"Perfil de Instagram (indica la url completa)\" class=\"form-control\" name=\"Perfil de Instagram (indica la url completa)\" required>', 'text', '2', 'Respuesta Corta', NULL, '9'),
(10, 'Perfil de Linkedin (indica la url completa)', '<input type=\"text\" id=\"Perfil de Linkedin (indica la url completa)\" class=\"form-control\" name=\"Perfil de Linkedin (indica la url completa)\" required>', 'text', '2', 'Respuesta Corta', NULL, '10'),
(11, 'Ciudad de Nacimiento', '<input type=\"text\" id=\"Ciudad de Nacimiento\" class=\"form-control\" name=\"Ciudad de Nacimiento\" required>', 'text', '3', 'Respuesta Corta', 'required', '12'),
(12, 'País de Nacimiento ', '<input type=\"text\" id=\"País de Nacimiento \" class=\"form-control\" name=\"País de Nacimiento \" required>', 'text', '3', 'Respuesta Corta', 'required', '13'),
(13, 'Ciudad de Residencia', '<input type=\"text\" id=\"Ciudad de Residencia\" class=\"form-control\" name=\"Ciudad de Residencia\" required>', 'text', '3', 'Respuesta Corta', 'required', '15'),
(14, 'País de Residencia ', '<input type=\"text\" id=\"País de Residencia \" class=\"form-control\" name=\"País de Residencia \" required>', 'text', '3', 'Respuesta Corta', 'required', '14'),
(16, 'Dirección Completa', '<input type=\"text\" id=\"Dirección Completa\" class=\"form-control\" name=\"Dirección Completa\" required>', 'text', '3', 'Respuesta Corta', 'required', '16'),
(17, 'Cuéntanos, en breves palabras, lo que te hace un gran profesional ', '<input type=\"text\" id=\"Cuéntanos, en breves palabras, lo que te hace un gran profesional \" class=\"form-control\" name=\"Cuéntanos, en breves palabras, lo que te hace un gran profesional \" required>', 'text', '4', 'Respuesta Corta', 'required', '24'),
(22, 'Cargo al que te postulas', '<input type=\"text\" id=\"Cargo al que te postulas\" class=\"form-control\" name=\"Cargo al que te postulas\" >', 'text', '4', 'Respuesta Corta', 'required', '25'),
(66, 'Carnet de conducir', '<select id=\"Carnet de conducir\" name=\"Carnet de conducir\" required class=\"form-control\" ><option value=\"Si\">Si</option><option value=\"No\">No</option></select>', 'select', '6', 'Si,No', 'required', '39'),
(67, 'Vehículo propio', '<select id=\"Vehículo propio\" name=\"Vehículo propio\" required class=\"form-control\" ><option value=\"Si\">Si</option><option value=\"No\">No</option></select>', 'select', '6', 'Si,No', 'required', '40'),
(68, 'Acepto la política de privacidad ', '<div class=\"radiobutton\"><input type=\"radio\" required name=\"Acepto la política de privacidad \" id=\"Acepto la política de privacidad Si\" value=\"Si\"><label for=\"Acepto la política de privacidad Si\">Si</label></div><div class=\"radiobutton\"><input type=\"radio\" required name=\"Acepto la política de privacidad \" id=\"Acepto la política de privacidad No\" value=\"No\"><label for=\"Acepto la política de privacidad No\">No</label></div>', 'radio', '7', 'Si,No', 'required', '41'),
(69, 'Skype', '<input type=\"text\" id=\"Skype\" class=\"form-control\" name=\"Skype\" required>', 'text', '2', 'Respuesta Corta', NULL, '6'),
(72, 'Disponibilidad', '<select id=\"Disponibilidad\" name=\"Disponibilidad\" class=\"form-control\" required><option value=\"\">Seleccione</option><option value=\"Tiempo completo\">Tiempo completo</option><option value=\" Medio tiempo\"> Medio tiempo</option><option value=\"A distancia\">A distancia</option></select>', 'select', '4', 'Tiempo completo, Medio tiempo,A distancia', 'required', '17'),
(73, 'Proyectos en los que hayas trabajado (Un plus si existen enlaces de esos proyectos en producción)', '<input type=\"text\" id=\"Proyectos en los que hayas trabajado (Un plus si existen enlaces de esos proyectos en producción)\" class=\"form-control\" name=\"Proyectos en los que hayas trabajado (Un plus si existen enlaces de esos proyectos en producción)\" required>', 'text', '4', 'Respuesta Corta', 'required', '22'),
(74, 'Posee repositorio git personal (Dejar el enlace a un proyecto para evaluar forma de programación en caso de ser afirmativo)', '<input type=\"text\" id=\"Posee repositorio git personal (Dejar el enlace a un proyecto para evaluar forma de programación en caso de ser afirmativo)\" class=\"form-control\" name=\"Posee repositorio git personal (Dejar el enlace a un proyecto para evaluar forma de programación en caso de ser afirmativo)\" required>', 'text', '4', 'Respuesta Corta', 'required', '23'),
(75, 'Empresa', '<input type=\"text\" id=\"Empresa\" class=\"form-control\" name=\"Empresa\" required>', 'text', '5', 'Respuesta Corta', 'required', '30'),
(76, 'Qué destacarías de la empresa', '<input type=\"text\" id=\"Qué destacarías de la empresa\" class=\"form-control\" name=\"Qué destacarías de la empresa\" required>', 'text', '5', 'Respuesta Corta', 'required', '31'),
(78, 'Qué mejorarías de la empresa', '<input type=\"text\" id=\"Qué mejorarías de la empresa\" class=\"form-control\" name=\"Qué mejorarías de la empresa\" required>', 'text', '5', 'Respuesta Corta', 'required', '32'),
(79, 'Estado', '<select id=\"Estado\" name=\"Estado\" class=\"form-control\" required><option value=\"Amazonas\">Amazonas</option><option value=\"Anzoátegui\">Anzoátegui</option><option value=\"Apure\">Apure</option><option value=\"Aragua\">Aragua</option><option value=\"Barinas\">Barinas</option><option value=\"Bolívar\">Bolívar</option><option value=\"Carabobo\">Carabobo</option><option value=\"Cojedes\">Cojedes</option><option value=\"Delta Amacuro\">Delta Amacuro</option><option value=\"Distrito Capital\">Distrito Capital</option><option value=\"Falcón\">Falcón</option><option value=\"Guárico\">Guárico</option><option value=\"Lara\">Lara</option><option value=\"Mérida\">Mérida</option><option value=\"Miranda\">Miranda</option><option value=\"Monagas\">Monagas</option><option value=\"Nueva Esparta\">Nueva Esparta</option><option value=\"Portuguesa\">Portuguesa</option><option value=\"Sucre\">Sucre</option><option value=\"Táchira\">Táchira</option><option value=\"Trujillo\">Trujillo</option><option value=\"Vargas\">Vargas</option><option value=\"Yaracuy\">Yaracuy</option><option value=\"Zulia\">Zulia</option><option value=\"Extranjero\">Extranjero</option></select>', 'select', '5', 'Amazonas,Anzoátegui,Apure,Aragua,Barinas,Bolívar,Carabobo,Cojedes,Delta Amacuro,Distrito Capital,Falcón,Guárico,Lara,Mérida,Miranda,Monagas,Nueva Esparta,Portuguesa,Sucre,Táchira,Trujillo,Vargas,Yaracuy,Zulia,Extranjero', 'required', '33'),
(80, 'Sector de empresa', '<select id=\"Sector de empresa\" name=\"Sector de empresa\" class=\"form-control\" required><option value=\"Agricultura / Pesca / Ganadería\">Agricultura / Pesca / Ganadería</option><option value=\"Construcción / obras\">Construcción / obras</option><option value=\"Educación\">Educación</option><option value=\"Energía\">Energía</option><option value=\"Entretenimiento / Deportes\">Entretenimiento / Deportes</option><option value=\"Fabricación\">Fabricación</option><option value=\"Finanzas / Banca\">Finanzas / Banca</option><option value=\"Gobierno / No Lucro\">Gobierno / No Lucro</option><option value=\"Hostelería / Turismo\">Hostelería / Turismo</option><option value=\"Informática / Hardware\">Informática / Hardware</option><option value=\"Informática / Software\">Informática / Software</option><option value=\"Internet\">Internet</option><option value=\"Legal / Asesoría\">Legal / Asesoría</option><option value=\"Materias Primas\">Materias Primas</option><option value=\"Medios de Comunicación\">Medios de Comunicación</option><option value=\"Publicidad / RRPP\">Publicidad / RRPP</option><option value=\"RRHH / Personal\">RRHH / Personal</option><option value=\"Salud / Medicina\">Salud / Medicina</option><option value=\"Servicios Profesionales\">Servicios Profesionales</option><option value=\"Telecomunicaciones\">Telecomunicaciones</option><option value=\"Transporte\">Transporte</option><option value=\"Venta al consumidor\">Venta al consumidor</option><option value=\"Venta al por mayor\">Venta al por mayor</option></select>', 'select', '5', 'Agricultura / Pesca / Ganadería,Construcción / obras,Educación,Energía,Entretenimiento / Deportes,Fabricación,Finanzas / Banca,Gobierno / No Lucro,Hostelería / Turismo,Informática / Hardware,Informática / Software,Internet,Legal / Asesoría,Materias Primas,Medios de Comunicación,Publicidad / RRPP,RRHH / Personal,Salud / Medicina,Servicios Profesionales,Telecomunicaciones,Transporte,Venta al consumidor,Venta al por mayor', 'required', '34'),
(81, 'Cargo', '<input type=\"text\" id=\"Cargo\" class=\"form-control\" name=\"Cargo\" required>', 'text', '5', 'Respuesta Corta', 'required', '35'),
(82, 'Área', '<select id=\"Área\" name=\"Área\" class=\"form-control\" required><option value=\"Administración / Oficina\">Administración / Oficina</option><option value=\"Almacén / Logística / Transporte\">Almacén / Logística / Transporte</option><option value=\"Atención a clientes\">Atención a clientes</option><option value=\"CallCenter / Telemercadeo\">CallCenter / Telemercadeo</option><option value=\"Compras / Comercio Exterior\">Compras / Comercio Exterior</option><option value=\"Construccion y obra\">Construccion y obra</option><option value=\"Contabilidad / Finanzas\">Contabilidad / Finanzas</option><option value=\"Dirección / Gerencia\">Dirección / Gerencia</option><option value=\"Diseño / Artes gráficas\">Diseño / Artes gráficas</option><option value=\"Docencia\">Docencia</option><option value=\"Hostelería / Turismo\">Hostelería / Turismo</option><option value=\"Informática / Telecomunicaciones\">Informática / Telecomunicaciones</option><option value=\"Ingeniería\">Ingeniería</option><option value=\"Investigación y Calidad\">Investigación y Calidad</option><option value=\"Legal / Asesoría\">Legal / Asesoría</option><option value=\"Mantenimiento y Reparaciones Técnicas\">Mantenimiento y Reparaciones Técnicas</option><option value=\"Medicina / Salud\">Medicina / Salud</option><option value=\"Mercadotécnia / Publicidad / Comunicación\">Mercadotécnia / Publicidad / Comunicación</option><option value=\"Producción / Operarios / Manufactura\">Producción / Operarios / Manufactura</option><option value=\"Recursos Humanos\">Recursos Humanos</option><option value=\"Servicios Generales, Aseo y Seguridad\">Servicios Generales, Aseo y Seguridad</option><option value=\"Ventas\">Ventas</option></select>', 'select', '5', 'Administración / Oficina,Almacén / Logística / Transporte,Atención a clientes,CallCenter / Telemercadeo,Compras / Comercio Exterior,Construccion y obra,Contabilidad / Finanzas,Dirección / Gerencia,Diseño / Artes gráficas,Docencia,Hostelería / Turismo,Informática / Telecomunicaciones,Ingeniería,Investigación y Calidad,Legal / Asesoría,Mantenimiento y Reparaciones Técnicas,Medicina / Salud,Mercadotécnia / Publicidad / Comunicación,Producción / Operarios / Manufactura,Recursos Humanos,Servicios Generales, Aseo y Seguridad,Ventas', 'required', '36'),
(83, 'Funciones y logros del cargo', '<textarea id=\"Funciones y logros del cargo\" class=\"form-control\" name=\"Funciones y logros del cargo\" required></textarea>', 'textarea', '5', 'Parrafo', 'required', '37'),
(84, 'Periodo', '            <div class=\"col-md-2 col-sm-3 col-xs-12 form-group has-feedback\">\r\n                  <select class=\"form-control\" id=\"mes desde exp1\" name=\"mes desde exp1\">\r\n                        <option value=\"\">Mes</option>\r\n                        <option value=\"Enero\">Enero</option> \r\n                        <option value=\"Febrero\">Febrero</option> \r\n                        <option value=\"Marzo\">Marzo</option> \r\n                        <option value=\"Abril\">Abril</option> \r\n                        <option value=\"Mayo\">Mayo</option> \r\n                        <option value=\"Junio\">Junio</option> \r\n                        <option value=\"Julio\">Julio</option> \r\n                        <option value=\"Agosto\">Agosto</option> \r\n                        <option value=\"Septiembre\">Septiembre</option> \r\n                        <option value=\"Octubre\">Octubre</option> \r\n                        <option value=\"Noviembre\">Noviembre</option> \r\n                        <option value=\"Diciembre\">Diciembre</option> \r\n                  </select>\r\n            </div>\r\n            <div class=\"col-md-2 col-sm-2 col-xs-12 form-group has-feedback\">\r\n                  <select class=\"form-control\" id=\"año desde exp1\" name=\"año desde exp1\">\r\n                        <option value=\"0\">Año</option>\r\n                        <option value=\"2020\">2020</option>\r\n                        <option value=\"2019\">2019</option>\r\n                        <option value=\"2018\">2018</option>\r\n                        <option value=\"2017\">2017</option>\r\n                        <option value=\"2016\">2016</option>\r\n                        <option value=\"2015\">2015</option>\r\n                        <option value=\"2014\">2014</option>\r\n                        <option value=\"2013\">2013</option>\r\n                        <option value=\"2012\">2012</option>\r\n                        <option value=\"2011\">2011</option>\r\n                        <option value=\"2010\">2010</option>\r\n                        <option value=\"2009\">2009</option>\r\n                        <option value=\"2008\">2008</option>\r\n                        <option value=\"2007\">2007</option>\r\n                        <option value=\"2006\">2006</option>\r\n                        <option value=\"2005\">2005</option>\r\n                        <option value=\"2004\">2004</option>\r\n                        <option value=\"2003\">2003</option>\r\n                        <option value=\"2002\">2002</option>\r\n                        <option value=\"2001\">2001</option>\r\n                        <option value=\"2000\">2000</option>\r\n                        <option value=\"1999\">1999</option>\r\n                        <option value=\"1998\">1998</option>\r\n                        <option value=\"1997\">1997</option>\r\n                        <option value=\"1996\">1996</option>\r\n                        <option value=\"1995\">1995</option>\r\n                        <option value=\"1994\">1994</option>\r\n                        <option value=\"1993\">1993</option>\r\n                        <option value=\"1992\">1992</option>\r\n                        <option value=\"1991\">1991</option>\r\n                        <option value=\"1990\">1990</option>\r\n                        <option value=\"1989\">1989</option>\r\n                        <option value=\"1988\">1988</option>\r\n                        <option value=\"1987\">1987</option>\r\n                        <option value=\"1986\">1986</option>\r\n                        <option value=\"1985\">1985</option>\r\n                        <option value=\"1984\">1984</option>\r\n                        <option value=\"1983\">1983</option>\r\n                        <option value=\"1982\">1982</option>\r\n                        <option value=\"1981\">1981</option>\r\n                        <option value=\"1980\">1980</option>\r\n                        <option value=\"1979\">1979</option>\r\n                        <option value=\"1978\">1978</option>\r\n                        <option value=\"1977\">1977</option>\r\n                        <option value=\"1976\">1976</option>\r\n                        <option value=\"1975\">1975</option>\r\n                        <option value=\"1974\">1974</option>\r\n                        <option value=\"1973\">1973</option>\r\n                        <option value=\"1972\">1972</option>\r\n                        <option value=\"1971\">1971</option>\r\n                        <option value=\"1970\">1970</option>\r\n                        <option value=\"1969\">1969</option>\r\n                        <option value=\"1968\">1968</option>\r\n                        <option value=\"1967\">1967</option>\r\n                        <option value=\"1966\">1966</option>\r\n                        <option value=\"1965\">1965</option>\r\n                        <option value=\"1964\">1964</option>\r\n                        <option value=\"1963\">1963</option>\r\n                        <option value=\"1962\">1962</option>\r\n                        <option value=\"1961\">1961</option>\r\n                        <option value=\"1960\">1960</option>\r\n                        <option value=\"1959\">1959</option>\r\n                        <option value=\"1958\">1958</option>\r\n                        <option value=\"1957\">1957</option>\r\n                        <option value=\"1956\">1956</option>\r\n                        <option value=\"1955\">1955</option>\r\n                        <option value=\"1954\">1954</option>\r\n                        <option value=\"1953\">1953</option>\r\n                        <option value=\"1952\">1952</option>\r\n                        <option value=\"1951\">1951</option>\r\n                        <option value=\"1950\">1950</option>\r\n                        <option value=\"1949\">1949</option>\r\n                        <option value=\"1948\">1948</option>\r\n                        <option value=\"1947\">1947</option>\r\n                        <option value=\"1946\">1946</option>\r\n                        <option value=\"1945\">1945</option>\r\n                        <option value=\"1944\">1944</option>\r\n                        <option value=\"1943\">1943</option>\r\n                        <option value=\"1942\">1942</option>\r\n                        <option value=\"1941\">1941</option>\r\n                        <option value=\"1940\">1940</option>\r\n                        <option value=\"1939\">1939</option>\r\n                        <option value=\"1938\">1938</option>\r\n                        <option value=\"1937\">1937</option>\r\n                        <option value=\"1936\">1936</option>\r\n                        <option value=\"1935\">1935</option>\r\n                        <option value=\"1934\">1934</option>\r\n                        <option value=\"1933\">1933</option>\r\n                        <option value=\"1932\">1932</option>\r\n                        <option value=\"1931\">1931</option>\r\n                        <option value=\"1930\">1930</option>\r\n                        <option value=\"1929\">1929</option>\r\n                        <option value=\"1928\">1928</option>\r\n                        <option value=\"1927\">1927</option>\r\n                        <option value=\"1926\">1926</option>\r\n                        <option value=\"1925\">1925</option>\r\n                        <option value=\"1924\">1924</option>\r\n                        <option value=\"1923\">1923</option>\r\n                        <option value=\"1922\">1922</option>\r\n                        <option value=\"1921\">1921</option>\r\n                        <option value=\"1920\">1920</option>\r\n                  </select>\r\n            </div>\r\n            <p class=\"col-md-1\" for=\"Área exp1\">  </p>\r\n            <div class=\"col-md-2 col-sm-3 col-xs-12 form-group has-feedback\">\r\n                  <select class=\"form-control\" id=\"mes hasta exp1\" name=\"mes hasta exp1\">\r\n                        <option value=\"\">Mes</option>\r\n                        <option value=\"Enero\">Enero</option> \r\n                        <option value=\"Febrero\">Febrero</option> \r\n                        <option value=\"Marzo\">Marzo</option> \r\n                        <option value=\"Abril\">Abril</option> \r\n                        <option value=\"Mayo\">Mayo</option> \r\n                        <option value=\"Junio\">Junio</option> \r\n                        <option value=\"Julio\">Julio</option> \r\n                        <option value=\"Agosto\">Agosto</option> \r\n                        <option value=\"Septiembre\">Septiembre</option> \r\n                        <option value=\"Octubre\">Octubre</option> \r\n                        <option value=\"Noviembre\">Noviembre</option> \r\n                        <option value=\"Diciembre\">Diciembre</option> \r\n                  </select>\r\n            </div>\r\n            <div class=\"col-md-2 col-sm-3 col-xs-12 form-group has-feedback\">\r\n                  <select class=\"form-control\" id=\"año hasta exp1\" name=\"año hasta exp1\">\r\n                        <option value=\"0\">Año</option>\r\n                        <option value=\"2020\">2020</option>\r\n                        <option value=\"2019\">2019</option>\r\n                        <option value=\"2018\">2018</option>\r\n                        <option value=\"2017\">2017</option>\r\n                        <option value=\"2016\">2016</option>\r\n                        <option value=\"2015\">2015</option>\r\n                        <option value=\"2014\">2014</option>\r\n                        <option value=\"2013\">2013</option>\r\n                        <option value=\"2012\">2012</option>\r\n                        <option value=\"2011\">2011</option>\r\n                        <option value=\"2010\">2010</option>\r\n                        <option value=\"2009\">2009</option>\r\n                        <option value=\"2008\">2008</option>\r\n                        <option value=\"2007\">2007</option>\r\n                        <option value=\"2006\">2006</option>\r\n                        <option value=\"2005\">2005</option>\r\n                        <option value=\"2004\">2004</option>\r\n                        <option value=\"2003\">2003</option>\r\n                        <option value=\"2002\">2002</option>\r\n                        <option value=\"2001\">2001</option>\r\n                        <option value=\"2000\">2000</option>\r\n                        <option value=\"1999\">1999</option>\r\n                        <option value=\"1998\">1998</option>\r\n                        <option value=\"1997\">1997</option>\r\n                        <option value=\"1996\">1996</option>\r\n                        <option value=\"1995\">1995</option>\r\n                        <option value=\"1994\">1994</option>\r\n                        <option value=\"1993\">1993</option>\r\n                        <option value=\"1992\">1992</option>\r\n                        <option value=\"1991\">1991</option>\r\n                        <option value=\"1990\">1990</option>\r\n                        <option value=\"1989\">1989</option>\r\n                        <option value=\"1988\">1988</option>\r\n                        <option value=\"1987\">1987</option>\r\n                        <option value=\"1986\">1986</option>\r\n                        <option value=\"1985\">1985</option>\r\n                        <option value=\"1984\">1984</option>\r\n                        <option value=\"1983\">1983</option>\r\n                        <option value=\"1982\">1982</option>\r\n                        <option value=\"1981\">1981</option>\r\n                        <option value=\"1980\">1980</option>\r\n                        <option value=\"1979\">1979</option>\r\n                        <option value=\"1978\">1978</option>\r\n                        <option value=\"1977\">1977</option>\r\n                        <option value=\"1976\">1976</option>\r\n                        <option value=\"1975\">1975</option>\r\n                        <option value=\"1974\">1974</option>\r\n                        <option value=\"1973\">1973</option>\r\n                        <option value=\"1972\">1972</option>\r\n                        <option value=\"1971\">1971</option>\r\n                        <option value=\"1970\">1970</option>\r\n                        <option value=\"1969\">1969</option>\r\n                        <option value=\"1968\">1968</option>\r\n                        <option value=\"1967\">1967</option>\r\n                        <option value=\"1966\">1966</option>\r\n                        <option value=\"1965\">1965</option>\r\n                        <option value=\"1964\">1964</option>\r\n                        <option value=\"1963\">1963</option>\r\n                        <option value=\"1962\">1962</option>\r\n                        <option value=\"1961\">1961</option>\r\n                        <option value=\"1960\">1960</option>\r\n                        <option value=\"1959\">1959</option>\r\n                        <option value=\"1958\">1958</option>\r\n                        <option value=\"1957\">1957</option>\r\n                        <option value=\"1956\">1956</option>\r\n                        <option value=\"1955\">1955</option>\r\n                        <option value=\"1954\">1954</option>\r\n                        <option value=\"1953\">1953</option>\r\n                        <option value=\"1952\">1952</option>\r\n                        <option value=\"1951\">1951</option>\r\n                        <option value=\"1950\">1950</option>\r\n                        <option value=\"1949\">1949</option>\r\n                        <option value=\"1948\">1948</option>\r\n                        <option value=\"1947\">1947</option>\r\n                        <option value=\"1946\">1946</option>\r\n                        <option value=\"1945\">1945</option>\r\n                        <option value=\"1944\">1944</option>\r\n                        <option value=\"1943\">1943</option>\r\n                        <option value=\"1942\">1942</option>\r\n                        <option value=\"1941\">1941</option>\r\n                        <option value=\"1940\">1940</option>\r\n                        <option value=\"1939\">1939</option>\r\n                        <option value=\"1938\">1938</option>\r\n                        <option value=\"1937\">1937</option>\r\n                        <option value=\"1936\">1936</option>\r\n                        <option value=\"1935\">1935</option>\r\n                        <option value=\"1934\">1934</option>\r\n                        <option value=\"1933\">1933</option>\r\n                        <option value=\"1932\">1932</option>\r\n                        <option value=\"1931\">1931</option>\r\n                        <option value=\"1930\">1930</option>\r\n                        <option value=\"1929\">1929</option>\r\n                        <option value=\"1928\">1928</option>\r\n                        <option value=\"1927\">1927</option>\r\n                        <option value=\"1926\">1926</option>\r\n                        <option value=\"1925\">1925</option>\r\n                        <option value=\"1924\">1924</option>\r\n                        <option value=\"1923\">1923</option>\r\n                        <option value=\"1922\">1922</option>\r\n                        <option value=\"1921\">1921</option>\r\n                        <option value=\"1920\">1920</option>\r\n                  </select>\r\n            </div>', 'text', '5', 'Respuesta Corta', 'required', '38'),
(86, 'Lenguajes de programación que dominas', '<small>* Agrega el lenguaje y presiona enter</small>\r\n<ul class=\"tags lenguajes\"><li class=\"tagAdd taglist\"><input type=\"text\" id=\"lenguajes\" class=\"search-field\" onkeypress=\"keypresstags($(this).val(), this.id)\"></li></ul>', 'text', '4', 'Respuesta Corta', 'required', '26'),
(87, 'Metodologías de desarrollo que dominas', '<small>* Agrega la metodología y presiona enter</small>\r\n<ul class=\"tags metodologia\"><li class=\"tagAdd taglist\"><input type=\"text\" id=\"metodologia\" class=\"search-field\" onkeypress=\"keypresstags($(this).val(), this.id)\"></li></ul>', 'text', '4', 'Respuesta Corta', 'required', '27'),
(88, 'Mencione al menos 5 fortalezas', '<small>* Agrega la fortalezas y presiona enter</small>\r\n<ul class=\"tags fortalezas\"><li class=\"tagAdd taglist\"><input type=\"text\" id=\"fortalezas\" class=\"search-field\" onkeypress=\"keypresstags($(this).val(), this.id)\"></li></ul>', 'text', '4', 'Respuesta Corta', 'required', '28'),
(89, 'Mencione al menos 3 debilidades', '<small>* Agrega la debilidades y presiona enter</small>\r\n<ul class=\"tags debilidades\"><li class=\"tagAdd taglist\"><input type=\"text\" id=\"debilidades\" class=\"search-field\" onkeypress=\"keypresstags($(this).val(), this.id)\"></li></ul>', 'text', '4', 'Respuesta Corta', 'required', '29'),
(93, 'Cuentas con conexión estable a Internet', '<select id=\"Cuentas con conexión estable a Internet\" name=\"Cuentas con conexión estable a Internet\" class=\"form-control tdistancia\" required><option value=\"Si\">Si</option><option value=\"No\">No</option></select>', 'select', '4', 'Si,No', NULL, '19'),
(94, 'Mencione sus proveedores de red', '<input type=\"text\" id=\"Mencione sus proveedores de red\" class=\"form-control tdistancia\" name=\"Mencione sus proveedores de red\" required>', 'text', '4', 'Respuesta Corta', NULL, '20'),
(95, 'Velocidad de conexión', '<input type=\"text\" id=\"Velocidad de conexión\" class=\"form-control tdistancia\" name=\"Velocidad de conexión\" required>', 'text', '4', 'Respuesta Corta', NULL, '21'),
(96, 'Cuentas con equipo para trabajar (mencione especificaciones técnicas del equipo)', '<input type=\"text\" id=\"Cuentas con equipo para trabajar (mencione especificaciones técnicas del equipo)\" class=\"form-control tdistancia\" name=\"Cuentas con equipo para trabajar (mencione especificaciones técnicas del equipo)\" required>\r\n', 'text', '4', 'Respuesta Corta', NULL, '18');

-- --------------------------------------------------------

--
-- Estructura de tabla para la tabla `rmw_recluta`
--

CREATE TABLE `rmw_recluta` (
  `id_recluta` int(100) NOT NULL,
  `Nombre_recluta` varchar(100) DEFAULT NULL,
  `Apellido_recluta` varchar(100) DEFAULT NULL,
  `Telefono_recluta` varchar(100) DEFAULT NULL,
  `Correo_recluta` varchar(100) DEFAULT NULL,
  `Empresa_recluta` varchar(255) DEFAULT NULL,
  `Mesaje_recluta` text,
  `Fecha_recluta` varchar(100) DEFAULT NULL,
  `Ciudad_trabajo` varchar(100) DEFAULT NULL,
  `Pais_trabajo` varchar(100) DEFAULT NULL,
  `Nombre_empresa` varchar(12) DEFAULT NULL
) ENGINE=InnoDB DEFAULT CHARSET=latin1;

--
-- Volcado de datos para la tabla `rmw_recluta`
--

INSERT INTO `rmw_recluta` (`id_recluta`, `Nombre_recluta`, `Apellido_recluta`, `Telefono_recluta`, `Correo_recluta`, `Empresa_recluta`, `Mesaje_recluta`, `Fecha_recluta`, `Ciudad_trabajo`, `Pais_trabajo`, `Nombre_empresa`) VALUES
(1, 'ysrrael', 'asdasd', '12312312', 'ysrr27@gmail.com', 'asdasd', 'momo', '25/07/2019', NULL, NULL, NULL),
(2, 'asdsa', 'dasdsad', '21312321', 'ysrr27@gmail.com', 'addsa', 'asdasd', '22/11/2019', 'asdsa', 'dasd', 'Si'),
(3, 'ysrrael', 'wqeq', 'qweqw', 'asdasd@asdsad.com', 'asdas', 'asdasd', '07/01/2020', 'asdas', 'asdasd', 'Si'),
(4, 'ysrrael', 'asdasd', '12312312', 'ysrr27@gmail.com', 'asdsadas', 'asd', '17/01/2020', 'asd', 'asd', 'Si'),
(5, 'ysrrael prueba', 'sanchez', '12312312', 'ysrr27@gmail.com', 'ssssss', 'ssss', '21/01/2020', 'ssss', 'sss', 'Si'),
(6, 'ysrrael', 'asdasd', '12312312', 'castillo de orgaz 1 portal 8 2ºa', 'asdasd', 'sdas', '12/02/2020', 'asdasd', 'asd', 'Si'),
(7, 'ysrrael', 'asdasd', '12312312', 'castillo de orgaz 1 portal 8 2º', 'xxxxxx', 'asdasd', '12/02/2020', 'das', 'dasdasd', 'Si'),
(8, 'ysrrael', 'asdasd', '12312312', 'ysrr27@gmail.com', 'xxxxxx', 'sdsad', '19/02/2020', 'asd', 'asdsadsa', 'Si'),
(9, 'ysrrael', 'sanchez', '12312312', 'ysrr27@gmail.com', 'xxxxxx', '213', '19/02/2020', '123', '12321', 'Si');

-- --------------------------------------------------------

--
-- Estructura de tabla para la tabla `tecno_candidatos`
--

CREATE TABLE `tecno_candidatos` (
  `idcandidato` int(100) NOT NULL,
  `iduser` int(100) DEFAULT NULL,
  `iddatospersonales` int(100) DEFAULT NULL,
  `idrrss` int(100) DEFAULT NULL,
  `iddgeografico` int(100) DEFAULT NULL,
  `idaptitudes` int(100) DEFAULT NULL,
  `idexperiencia` int(100) DEFAULT NULL,
  `fecha` int(100) DEFAULT NULL,
  `estatus` int(12) DEFAULT NULL
) ENGINE=InnoDB DEFAULT CHARSET=latin1;

--
-- Volcado de datos para la tabla `tecno_candidatos`
--

INSERT INTO `tecno_candidatos` (`idcandidato`, `iduser`, `iddatospersonales`, `idrrss`, `iddgeografico`, `idaptitudes`, `idexperiencia`, `fecha`, `estatus`) VALUES
(1, 0, 2, 2, 2, 2, 2, NULL, NULL),
(2, 0, 3, 3, 3, 3, 3, NULL, NULL),
(3, 0, 4, 4, 4, 4, 4, 1587115408, NULL),
(4, 0, 5, 5, 5, 5, 5, 1587115445, NULL),
(5, 0, 6, 6, 6, 6, 6, 1587115502, NULL),
(6, 12, 7, 7, 7, 7, 7, 1587909862, 1);

-- --------------------------------------------------------

--
-- Estructura de tabla para la tabla `tecno_can_aptitudes`
--

CREATE TABLE `tecno_can_aptitudes` (
  `idaptitudes` int(100) NOT NULL,
  `titulo_cv` varchar(100) DEFAULT NULL,
  `Disponibilidad` varchar(100) DEFAULT NULL,
  `Equipo_trabajar_dis` varchar(100) DEFAULT NULL,
  `conexion_estable` varchar(100) DEFAULT NULL,
  `Proveedores_Red` varchar(100) DEFAULT NULL,
  `Velocidad_conexion` varchar(100) DEFAULT NULL,
  `Proyectos_trabajado` varchar(100) DEFAULT NULL,
  `git` varchar(100) DEFAULT NULL,
  `gran_profesional` varchar(100) DEFAULT NULL,
  `Cargo_postulas` varchar(100) DEFAULT NULL,
  `Lenguajes_programacion` text,
  `fortalezas` text,
  `debilidades` text,
  `Aspiracion` varchar(100) DEFAULT NULL
) ENGINE=InnoDB DEFAULT CHARSET=latin1;

--
-- Volcado de datos para la tabla `tecno_can_aptitudes`
--

INSERT INTO `tecno_can_aptitudes` (`idaptitudes`, `titulo_cv`, `Disponibilidad`, `Equipo_trabajar_dis`, `conexion_estable`, `Proveedores_Red`, `Velocidad_conexion`, `Proyectos_trabajado`, `git`, `gran_profesional`, `Cargo_postulas`, `Lenguajes_programacion`, `fortalezas`, `debilidades`, `Aspiracion`) VALUES
(1, NULL, 'Tiempo completo', '', '', '', '', 'asd', 'asd', 'sad', 'asd', NULL, NULL, NULL, 'das'),
(2, NULL, 'Tiempo completo', '', '', '', '', 'asd', 'asd', 'sad', 'asd', NULL, NULL, NULL, 'das'),
(3, NULL, 'Tiempo completo', '', '', '', '', 'asd', 'asd', 'sad', 'asd', NULL, NULL, NULL, 'das'),
(4, NULL, ' Medio tiempo', '', '', '', '', 'uno', 'no', 'ok', 'ada', NULL, NULL, NULL, '12221'),
(5, NULL, ' Medio tiempo', '', '', '', '', 'uno', 'no', 'ok', 'ada', NULL, NULL, NULL, '12221'),
(6, NULL, ' Medio tiempo', '', '', '', '', 'uno', 'no', 'ok', 'ada', NULL, NULL, NULL, '12221'),
(7, 'Ingeniero de sistemas', 'Tiempo completo', '', '', '', '', 'asd', 'asd', 'encargado del diseño, la programación, la implantación y el mantenimiento de sistemas.', 'asd', NULL, NULL, NULL, 'asdsd');

-- --------------------------------------------------------

--
-- Estructura de tabla para la tabla `tecno_can_datosgeograficos`
--

CREATE TABLE `tecno_can_datosgeograficos` (
  `iddgeografico` int(100) NOT NULL,
  `Ciudad_Nacimiento` varchar(100) DEFAULT NULL,
  `Pais_Nacimiento` varchar(100) DEFAULT NULL,
  `Ciudad_Residencia` varchar(100) DEFAULT NULL,
  `Pais_Residencia` varchar(100) DEFAULT NULL,
  `Direccion_Completa` varchar(100) DEFAULT NULL
) ENGINE=InnoDB DEFAULT CHARSET=latin1;

--
-- Volcado de datos para la tabla `tecno_can_datosgeograficos`
--

INSERT INTO `tecno_can_datosgeograficos` (`iddgeografico`, `Ciudad_Nacimiento`, `Pais_Nacimiento`, `Ciudad_Residencia`, `Pais_Residencia`, `Direccion_Completa`) VALUES
(1, 'asd', 'sad', 'asd', 'as', 'ad'),
(2, 'asd', 'sad', 'asd', 'as', 'ad'),
(3, 'asd', 'sad', 'asd', 'as', 'ad'),
(4, 'caracas', 'vene', 'ccs', 've', 'cssve'),
(5, 'caracas', 'vene', 'ccs', 've', 'cssve'),
(6, 'caracas', 'vene', 'ccs', 've', 'cssve'),
(7, 'sad', 'asd', 'ddd', 'asd', 'asd');

-- --------------------------------------------------------

--
-- Estructura de tabla para la tabla `tecno_can_datospersonales`
--

CREATE TABLE `tecno_can_datospersonales` (
  `iddatospersonales` int(100) NOT NULL,
  `Correo` varchar(100) DEFAULT NULL,
  `Nombre` varchar(100) DEFAULT NULL,
  `Apellido` varchar(100) DEFAULT NULL,
  `Telefono` varchar(100) DEFAULT NULL,
  `Fecha_nacimiento` varchar(100) DEFAULT NULL,
  `file` varchar(100) DEFAULT NULL,
  `cv_file` varchar(100) DEFAULT NULL
) ENGINE=InnoDB DEFAULT CHARSET=latin1;

--
-- Volcado de datos para la tabla `tecno_can_datospersonales`
--

INSERT INTO `tecno_can_datospersonales` (`iddatospersonales`, `Correo`, `Nombre`, `Apellido`, `Telefono`, `Fecha_nacimiento`, `file`, `cv_file`) VALUES
(1, 'ysrr27@hotmail.com', 'sa', 'sad', 'sad', '04/17/2020', '', NULL),
(2, 'ysrr27@hotmail.com', 'sa', 'sad', 'sad', '04/17/2020', '', NULL),
(3, 'ysrr27@hotmail.com', 'sa', 'sad', 'sad', '04/17/2020', '', NULL),
(4, 'ysrr27@hotmail.com', 'das', 'asddsa', 'asdsda', '04/17/2020', '', NULL),
(5, 'ysrr27@hotmail.com', 'das', 'asddsa', 'asdsda', '04/17/2020', '', NULL),
(6, 'ysrr27@hotmail.com', 'das', 'asddsa', 'asdsda', '04/17/2020', '', NULL),
(7, 'ysrr27@hotmail.com', 'don', 'ramon', '123444', '04/17/2020', 'uploads/1584822928_c2.jpg', 'uploads/1587441755_comandos_censo.pdf');

-- --------------------------------------------------------

--
-- Estructura de tabla para la tabla `tecno_can_experiencia`
--

CREATE TABLE `tecno_can_experiencia` (
  `idexperiencia` int(100) NOT NULL,
  `Empresa_exp1` varchar(100) DEFAULT NULL,
  `Destacarias_empresa_exp1` varchar(100) DEFAULT NULL,
  `Mejorarias_empresa_exp1` varchar(100) DEFAULT NULL,
  `Sector_empresa_exp1` varchar(100) DEFAULT NULL,
  `Cargo_empresa_exp1` varchar(100) DEFAULT NULL,
  `Area_empresa_exp1` varchar(100) DEFAULT NULL,
  `Funciones_logros_empresa_exp1` varchar(100) DEFAULT NULL,
  `mes_desde_exp1` varchar(100) DEFAULT NULL,
  `ano_desde_exp1` varchar(100) DEFAULT NULL,
  `mes_hasta_exp1` varchar(100) DEFAULT NULL,
  `ano_hasta_exp1` varchar(100) DEFAULT NULL,
  `Empresa_exp2` varchar(100) DEFAULT NULL,
  `Destacarias_empresa_exp2` varchar(100) DEFAULT NULL,
  `Mejorarias_empresa_exp2` varchar(100) DEFAULT NULL,
  `Sector_empresa_exp2` varchar(100) DEFAULT NULL,
  `Cargo_empresa_exp2` varchar(100) DEFAULT NULL,
  `Area_empresa_exp2` varchar(100) DEFAULT NULL,
  `Funciones_logros_empresa_exp2` varchar(100) DEFAULT NULL,
  `mes_desde_exp2` varchar(100) DEFAULT NULL,
  `ano_desde_exp2` varchar(100) DEFAULT NULL,
  `mes_hasta_exp2` varchar(100) DEFAULT NULL,
  `ano_hasta_exp2` varchar(100) DEFAULT NULL
) ENGINE=InnoDB DEFAULT CHARSET=latin1;

--
-- Volcado de datos para la tabla `tecno_can_experiencia`
--

INSERT INTO `tecno_can_experiencia` (`idexperiencia`, `Empresa_exp1`, `Destacarias_empresa_exp1`, `Mejorarias_empresa_exp1`, `Sector_empresa_exp1`, `Cargo_empresa_exp1`, `Area_empresa_exp1`, `Funciones_logros_empresa_exp1`, `mes_desde_exp1`, `ano_desde_exp1`, `mes_hasta_exp1`, `ano_hasta_exp1`, `Empresa_exp2`, `Destacarias_empresa_exp2`, `Mejorarias_empresa_exp2`, `Sector_empresa_exp2`, `Cargo_empresa_exp2`, `Area_empresa_exp2`, `Funciones_logros_empresa_exp2`, `mes_desde_exp2`, `ano_desde_exp2`, `mes_hasta_exp2`, `ano_hasta_exp2`) VALUES
(1, 'asd', 'sad', 'asd', 'Agricultura / Pesca / Ganadería', 'das', 'Administración / Oficina', 'asd', 'Febrero', '2004', 'Abril', '2005', NULL, NULL, NULL, NULL, NULL, NULL, NULL, NULL, NULL, NULL, NULL),
(2, 'asd', 'sad', 'asd', 'Agricultura / Pesca / Ganadería', 'das', 'Administración / Oficina', 'asd', 'Febrero', '2004', 'Abril', '2005', NULL, NULL, NULL, NULL, NULL, NULL, NULL, NULL, NULL, NULL, NULL),
(3, 'asd', 'sad', 'asd', 'Agricultura / Pesca / Ganadería', 'das', 'Administración / Oficina', 'asd', 'Febrero', '2004', 'Abril', '2005', NULL, NULL, NULL, NULL, NULL, NULL, NULL, NULL, NULL, NULL, NULL),
(4, 'ok', 'asd', 'asda', 'Agricultura / Pesca / Ganadería', 'asd', 'Administración / Oficina', 'das', 'Noviembre', '2004', 'Octubre', '2005', NULL, NULL, NULL, NULL, NULL, NULL, NULL, NULL, NULL, NULL, NULL),
(5, 'ok', 'asd', 'asda', 'Agricultura / Pesca / Ganadería', 'asd', 'Administración / Oficina', 'das', 'Noviembre', '2004', 'Octubre', '2005', NULL, NULL, NULL, NULL, NULL, NULL, NULL, NULL, NULL, NULL, NULL),
(6, 'ok', 'asd', 'asda', 'Agricultura / Pesca / Ganadería', 'asd', 'Administración / Oficina', 'das', 'Noviembre', '2004', 'Octubre', '2005', NULL, NULL, NULL, NULL, NULL, NULL, NULL, NULL, NULL, NULL, NULL),
(7, 'asd', 'asdsad', 'asd', 'Agricultura / Pesca / Ganadería', 'asdasd', 'Administración / Oficina', 'asdsa', 'Octubre', '2004', 'Agosto', '2005', NULL, NULL, NULL, NULL, NULL, NULL, NULL, NULL, NULL, NULL, NULL);

-- --------------------------------------------------------

--
-- Estructura de tabla para la tabla `tecno_can_rrss`
--

CREATE TABLE `tecno_can_rrss` (
  `idrrss` int(100) NOT NULL,
  `Skype` varchar(100) DEFAULT NULL,
  `Youtube` varchar(255) DEFAULT NULL,
  `Facebook` varchar(255) DEFAULT NULL,
  `Twitter` varchar(255) DEFAULT NULL,
  `Instagram` varchar(255) DEFAULT NULL,
  `Linkedin` varchar(255) DEFAULT NULL
) ENGINE=InnoDB DEFAULT CHARSET=latin1;

--
-- Volcado de datos para la tabla `tecno_can_rrss`
--

INSERT INTO `tecno_can_rrss` (`idrrss`, `Skype`, `Youtube`, `Facebook`, `Twitter`, `Instagram`, `Linkedin`) VALUES
(1, 'as', 'sad', 'sad', 'as', 'asd', 'asd'),
(2, 'as', 'sad', 'sad', 'as', 'asd', 'asd'),
(3, 'as', 'sad', 'sad', 'as', 'asd', 'asd'),
(4, 'Skype:', 'Blog ', ' Facebook', 'Twitter', ' Instagram', 'Linkedin'),
(5, 'Skype:', 'Blog ', ' Facebook', 'Twitter', ' Instagram', 'Linkedin'),
(6, 'Skype:', 'Blog ', ' Facebook', 'Twitter', ' Instagram', 'Linkedin'),
(7, 'ssss', 'sdd', 'ds', 'a', 's', 'dsdd');

-- --------------------------------------------------------

--
-- Estructura de tabla para la tabla `tecno_mensajes`
--

CREATE TABLE `tecno_mensajes` (
  `idmensaje` int(100) NOT NULL,
  `useridfrom` int(100) DEFAULT NULL,
  `useridto` int(100) DEFAULT NULL,
  `subject` longtext,
  `fullmensaje` text,
  `smallmessage` text,
  `idsolicitud` int(100) DEFAULT NULL,
  `status` varchar(100) DEFAULT NULL,
  `orden` int(100) DEFAULT NULL,
  `fecha` int(100) DEFAULT NULL
) ENGINE=InnoDB DEFAULT CHARSET=latin1;

--
-- Volcado de datos para la tabla `tecno_mensajes`
--

INSERT INTO `tecno_mensajes` (`idmensaje`, `useridfrom`, `useridto`, `subject`, `fullmensaje`, `smallmessage`, `idsolicitud`, `status`, `orden`, `fecha`) VALUES
(1, 3, 1, 'Notificación de baja actividad', 'Estimado Camila López, \r\nHola, este es el mensaje de prueba.', 'este es un mensaje de prueba', 1, '', 31, 1536849184),
(2, 3, 1, 'prueba de mensajes 2', 'Estimado Camila López, \r\nHola, este es el mensaje de prueba.', 'este es un mensaje de prueba', 2, '', 29, 1536849184),
(4, 2, 5, 'esta es una prueba', 'primer mensaje nuevo', 'esta es una prueba', 4, '', 33, 1584944907),
(5, 2, 5, 'nueva solicitud', 'esto es una prueba', 'nueva solicitud', 5, '', 34, 1585285936),
(6, 2, 5, 'nueva solicitud', 'esto es una prueba', 'nueva solicitud', 5, '', 35, 1585285943),
(7, 2, 1, 'esta es otra prueba', 'esta es otra prueba', 'esta es otra prueba', 6, '', 36, 1585286037),
(8, 2, 1, 'esta es otra prueba', 'esta es otra prueba', 'esta es otra prueba', 6, '', 37, 1585286039),
(9, 2, 1, 'esta es otra prueba', 'esta es otra prueba', 'esta es otra prueba', 6, '', 38, 1585286040),
(10, 2, 1, 'head', 'asdasdsad', 'head', 6, '', 39, 1585286075),
(11, 2, 5, 'xxxxxxxxxxxx', 'nuevo_mensaje', 'xxxxxxxxxxxx', 4, '', 40, 1585286165),
(12, 2, 1, 'esto es prueba', 'prueba prueba', 'esto es prueba', 3, '', 41, 1585629167);

-- --------------------------------------------------------

--
-- Estructura de tabla para la tabla `tecno_mensajes_detalles`
--

CREATE TABLE `tecno_mensajes_detalles` (
  `idmensajes` int(11) NOT NULL,
  `idmensaje` int(11) DEFAULT NULL,
  `useridfrom` int(11) DEFAULT NULL,
  `useridto` int(11) DEFAULT NULL,
  `send_userid` int(100) DEFAULT NULL,
  `fullmensaje` longtext,
  `file` varchar(100) DEFAULT '',
  `file_url` varchar(100) DEFAULT NULL,
  `status` varchar(100) DEFAULT NULL,
  `timecreate` int(100) DEFAULT NULL
) ENGINE=InnoDB DEFAULT CHARSET=latin1;

--
-- Volcado de datos para la tabla `tecno_mensajes_detalles`
--

INSERT INTO `tecno_mensajes_detalles` (`idmensajes`, `idmensaje`, `useridfrom`, `useridto`, `send_userid`, `fullmensaje`, `file`, `file_url`, `status`, `timecreate`) VALUES
(1, 2, 5, 1, 5, 'I plugged in the computer, and I\'m not sure I plugged in the internets properly. Do you think you could come and check me out? There are little beeps in the black box in the living room, maybe I broke the internet, I wouldn\'t want to do anything stupid!\r\n\r\nGrandma tells me I\'m an idiot and if I can see my messages it\'s because it\'s okay, but you know, Grandma\'s not good with these things. And then I\'m suspicious, maybe the aliens aren\'t watching my internets? They would be able to fit into the small box in the living room, Jack told me last week, when we were drinking wine on the terrace... Do you think that\'s true?\r\n\r\nAre you there?\r\n\r\nJean-Claude?\r\n\r\nI call 911.', 'usuarios.doc', NULL, '', 1536849184),
(2, 2, 3, 1, 3, 'estos son usuarios', 'otros.pdf', NULL, '', 1536849184),
(3, 1, 3, 1, 3, 'primer mensaje de prueba', 'prueba.pdf', NULL, '', 1536849184),
(4, 2, 5, 1, 1, 'new messague ejax', '', NULL, '', 1584685027),
(5, 2, 5, 1, 1, 'otro nuevo mensaje', '', NULL, '', 1584685614),
(6, 2, 5, 1, 1, 'xxxxxxxxxxxxxxx', '', NULL, '', 1584685757),
(7, 2, 5, 1, 1, 'dasdsadsa', '', NULL, '', 1584685917),
(8, 2, 5, 1, 1, 'vvvvvvvvv', '', NULL, '', 1584686156),
(9, 2, 5, 1, 1, 'qqqqqqqqqqqqqq', '', NULL, '', 1584686204),
(10, 2, 5, 1, 1, 'dddddd', '', NULL, '', 1584686254),
(11, 2, 5, 1, 1, 'lop', '', NULL, '', 1584686369),
(12, 2, 5, 1, 1, 'tecno red', '', NULL, '', 1584686736),
(13, 2, 5, 1, 1, 'loca', '', NULL, '', 1584686817),
(14, 2, 5, 1, 1, 'locololo', '', NULL, '', 1584686868),
(15, 2, 5, 1, 1, 'otro', '', NULL, '', 1584687158),
(16, 1, 0, 1, 1, 'vamos con otra prueba', '', NULL, '', 1584688394),
(17, 2, 5, 1, 1, 'asdsadsad', '', NULL, '', 1584688901),
(18, 2, 5, 1, 1, 'sss', '', NULL, '', 1584689023),
(19, 2, 5, 1, 1, 'iji', '', NULL, '', 1584689058),
(20, 1, 0, 1, 1, 'asdasdsa', '', NULL, '', 1584690988),
(21, 1, 3, 1, 1, 'resuelto el problema', '', NULL, '', 1584691308),
(22, 2, 5, 1, 1, '', '', NULL, '', 1584758036),
(23, 2, 5, 1, 1, '', '', NULL, '', 1584768425),
(24, 1, 3, 1, 1, 'prueba', '', NULL, '', 1584771886),
(25, 1, 3, 1, 1, 'okok', '1584761596_comandos_censo.pdf', NULL, '', 1584772405),
(26, 1, 3, 1, 1, 'otra prueba', '', NULL, '', 1584772840),
(27, 1, 3, 1, 1, 'vamos a ver', '', 'message--new', '', 1584773016),
(28, 1, 3, 1, 1, 'esta es una prueba', '', 'message--new', '', 1584774060),
(29, 2, 5, 1, 1, 'esta raro', '1584768403_comandos_censo.pdf', 'uploads/1584768403_comandos_censo.pdf', '', 1584779205),
(30, 1, 3, 1, 1, 'adsadsad', '', 'uploads/', '', 1584780109),
(31, 1, 3, 1, 1, 'asd', '', 'uploads/', '', 1584780190),
(32, 3, 2, 5, 2, 'primer mensaje nuevo', '1584932825_webservice_censo.docx', 'uploads/1584932825_webservice_censo.docx', '', 1584944877),
(33, 4, 2, 5, 2, 'primer mensaje nuevo', '1584932825_webservice_censo.docx', 'uploads/1584932825_webservice_censo.docx', '', 1584944907),
(34, 5, 2, 5, 2, 'esto es una prueba', '', '', '', 1585285936),
(35, 6, 2, 5, 2, 'esto es una prueba', '', '', '', 1585285943),
(36, 7, 2, 1, 2, 'esta es otra prueba', '', '', '', 1585286037),
(37, 8, 2, 1, 2, 'esta es otra prueba', '', '', '', 1585286039),
(38, 9, 2, 1, 2, 'esta es otra prueba', '', '', '', 1585286040),
(39, 10, 2, 1, 2, 'asdasdsad', '', '', '', 1585286075),
(40, 11, 2, 5, 2, 'nuevo_mensaje', '', '', '', 1585286165),
(41, 12, 2, 1, 2, 'prueba prueba', '', '', '', 1585629167);

-- --------------------------------------------------------

--
-- Estructura de tabla para la tabla `tecno_ranking`
--

CREATE TABLE `tecno_ranking` (
  `idranking` int(100) NOT NULL,
  `titulo` varchar(100) DEFAULT NULL,
  `valor` int(2) DEFAULT NULL,
  `descripcion` varchar(100) DEFAULT NULL,
  `icono` text
) ENGINE=InnoDB DEFAULT CHARSET=latin1;

--
-- Volcado de datos para la tabla `tecno_ranking`
--

INSERT INTO `tecno_ranking` (`idranking`, `titulo`, `valor`, `descripcion`, `icono`) VALUES
(1, 'Enviado', 1, 'Gracias por compartirnos tu información, te apoyaremos en tu búsqueda de bienestar laboral.', '<i class=\"fa fa-envelope emojis_act_1\"></i>\r\n<i class=\"fa fa-gears emojis_act\"></i>\r\n<i class=\"fa fa-file-text emojis_act\"></i>\r\n<i class=\"fa fa-user user1 emojis_act\"></i><i class=\"fa fa-user emojis_act\"></i>\r\n<i class=\"fa fa-trophy emojis_act\"></i>'),
(2, 'Recibido', 2, 'Hemos recibido con éxito tu información, gracias por elegirnos.', '<i class=\"fa fa-envelope emojis_act_1\"></i>\r\n<i class=\"fa fa-gears emojis_act_1\"></i>\r\n<i class=\"fa fa-file-text emojis_act\"></i>\r\n<i class=\"fa fa-user user1 emojis_act\"></i><i class=\"fa fa-user emojis_act\"></i>\r\n<i class=\"fa fa-trophy emojis_act\"></i>'),
(3, 'Evaluado', 3, 'Ya nos encontramos evaluando tu perfil y ubicando a la mejor empresa que se alinee a él. ', '<i class=\"fa fa-envelope emojis_act_1\"></i>\r\n<i class=\"fa fa-gears emojis_act_1\"></i>\r\n<i class=\"fa fa-file-text emojis_act_1\"></i>\r\n<i class=\"fa fa-user user1 emojis_act\"></i><i class=\"fa fa-user emojis_act\"></i>\r\n<i class=\"fa fa-trophy emojis_act\"></i>'),
(4, 'Preseleccionado', 4, 'Felicidades fuiste preseleccionado, está atento a nuestro llamado.', '<i class=\"fa fa-envelope emojis_act_1\"></i>\r\n<i class=\"fa fa-gears emojis_act_1\"></i>\r\n<i class=\"fa fa-file-text emojis_act_1\"></i>\r\n<i class=\"fa fa-user user1 emojis_act_1\"></i><i class=\"fa fa-user emojis_act_1\"></i>\r\n<i class=\"fa fa-trophy emojis_act\"></i>'),
(5, 'Seleccionado', 5, 'Finalizaste con éxito nuestro proceso de ubicación de empleo, gracias por preferirnos.', '<i class=\"fa fa-envelope emojis_act_1\"></i>\r\n<i class=\"fa fa-gears emojis_act_1\"></i>\r\n<i class=\"fa fa-file-text emojis_act_1\"></i>\r\n<i class=\"fa fa-user user1 emojis_act_1\"></i><i class=\"fa fa-user emojis_act_1\"></i>\r\n<i class=\"fa fa-trophy emojis_act_1\"></i>');

-- --------------------------------------------------------

--
-- Estructura de tabla para la tabla `tecno_solicitudes`
--

CREATE TABLE `tecno_solicitudes` (
  `idsolicitud` int(100) NOT NULL,
  `idrecluta` int(100) DEFAULT NULL,
  `empresa_recluta` varchar(100) DEFAULT NULL,
  `perfil_busca_recluta` varchar(100) DEFAULT NULL,
  `fecha` int(100) DEFAULT NULL,
  `Puesto_buscar` varchar(100) DEFAULT NULL,
  `Descripcion_puesto` varchar(150) DEFAULT NULL,
  `Detalle_tareas` text,
  `Pais` varchar(100) DEFAULT NULL,
  `Region` varchar(100) DEFAULT NULL,
  `Ciudad` varchar(100) DEFAULT NULL,
  `Jornada_laboral` varchar(100) DEFAULT NULL,
  `Tipo_contrato` varchar(100) DEFAULT NULL,
  `Salario` varchar(100) DEFAULT NULL,
  `Tipo_contratacion` varchar(100) DEFAULT NULL,
  `Jerarquia` varchar(100) DEFAULT NULL,
  `Edad_minima` varchar(100) DEFAULT NULL,
  `Edad_maxima` varchar(100) DEFAULT NULL,
  `Estudios_minimos` varchar(100) DEFAULT NULL,
  `Idiomas_requerido` varchar(100) DEFAULT NULL,
  `Destrezas_conocimientos` varchar(100) DEFAULT NULL,
  `Disponibilidad_viaje` varchar(100) DEFAULT NULL,
  `Vacantes` varchar(100) DEFAULT NULL,
  `Nivel` varchar(100) DEFAULT NULL,
  `estatus` varchar(100) DEFAULT NULL
) ENGINE=InnoDB DEFAULT CHARSET=latin1;

--
-- Volcado de datos para la tabla `tecno_solicitudes`
--

INSERT INTO `tecno_solicitudes` (`idsolicitud`, `idrecluta`, `empresa_recluta`, `perfil_busca_recluta`, `fecha`, `Puesto_buscar`, `Descripcion_puesto`, `Detalle_tareas`, `Pais`, `Region`, `Ciudad`, `Jornada_laboral`, `Tipo_contrato`, `Salario`, `Tipo_contratacion`, `Jerarquia`, `Edad_minima`, `Edad_maxima`, `Estudios_minimos`, `Idiomas_requerido`, `Destrezas_conocimientos`, `Disponibilidad_viaje`, `Vacantes`, `Nivel`, `estatus`) VALUES
(2, 1, 'tecno', 'tsu', 1584592809, NULL, NULL, NULL, NULL, NULL, NULL, NULL, NULL, NULL, NULL, NULL, NULL, NULL, NULL, NULL, NULL, NULL, NULL, NULL, NULL),
(3, 1, 'xxx', 'sdsda', 1584593022, NULL, NULL, NULL, NULL, NULL, NULL, NULL, NULL, NULL, NULL, NULL, NULL, NULL, NULL, NULL, NULL, NULL, NULL, NULL, NULL),
(4, 5, 'red', 'ing', 1584596446, NULL, NULL, NULL, NULL, NULL, NULL, NULL, NULL, NULL, NULL, NULL, NULL, NULL, NULL, NULL, NULL, NULL, NULL, NULL, NULL),
(5, 5, 'kkk', 'asds', 1584596527, NULL, NULL, NULL, NULL, NULL, NULL, NULL, NULL, NULL, NULL, NULL, NULL, NULL, NULL, NULL, NULL, NULL, NULL, NULL, NULL),
(6, 1, 'sssss', 'sss', 1584596544, NULL, NULL, NULL, NULL, NULL, NULL, NULL, NULL, NULL, NULL, NULL, NULL, NULL, NULL, NULL, NULL, NULL, NULL, NULL, NULL),
(7, 1, 'asd', 'asds', 1584596556, NULL, NULL, NULL, NULL, NULL, NULL, NULL, NULL, NULL, NULL, NULL, NULL, NULL, NULL, NULL, NULL, NULL, NULL, NULL, NULL),
(8, 1, 'zzzz', 'sad', 1584596585, NULL, NULL, NULL, NULL, NULL, NULL, NULL, NULL, NULL, NULL, NULL, NULL, NULL, NULL, NULL, NULL, NULL, NULL, NULL, NULL),
(9, 5, 'asdsadsa', 'asdsd', 1584596897, NULL, NULL, NULL, NULL, NULL, NULL, NULL, NULL, NULL, NULL, NULL, NULL, NULL, NULL, NULL, NULL, NULL, NULL, NULL, NULL),
(10, 1, 'sssdsdad', 'asdasdd', 1584596949, NULL, NULL, NULL, NULL, NULL, NULL, NULL, NULL, NULL, NULL, NULL, NULL, NULL, NULL, NULL, NULL, NULL, NULL, NULL, NULL),
(11, NULL, 'Polar', NULL, 1587547498, 'Programador', 'para programar', 'hacer app', 'venez', 'caracas', 'css', 'Part Time', 'Por obra', 'Mixto', 'fija', 'Junior', '12', '55', 'Estudiante universitario', 'ingles', 'php', 'si', NULL, NULL, 'Recibido'),
(12, 1, 'Polar', NULL, 1587548278, 'programador', 'para programar', 'hacer un app', 'vnz', 'css', 'caracas', 'Part Time', 'A tiempo determinado', 'Mixto', 'por horas', 'Junior', '12', '55', 'Basico', 'ingles', 'php', 'si', '12', NULL, 'Evaluando');

--
-- Índices para tablas volcadas
--

--
-- Indices de la tabla `c_usuarios`
--
ALTER TABLE `c_usuarios`
  ADD PRIMARY KEY (`id`);

--
-- Indices de la tabla `mrw_candidatos`
--
ALTER TABLE `mrw_candidatos`
  ADD PRIMARY KEY (`idcandidatos`);

--
-- Indices de la tabla `rmw_metadatos`
--
ALTER TABLE `rmw_metadatos`
  ADD PRIMARY KEY (`idmeta`);

--
-- Indices de la tabla `rmw_pasos`
--
ALTER TABLE `rmw_pasos`
  ADD PRIMARY KEY (`idpaso`);

--
-- Indices de la tabla `rmw_preguntas`
--
ALTER TABLE `rmw_preguntas`
  ADD PRIMARY KEY (`idpregunta`);

--
-- Indices de la tabla `rmw_recluta`
--
ALTER TABLE `rmw_recluta`
  ADD PRIMARY KEY (`id_recluta`);

--
-- Indices de la tabla `tecno_candidatos`
--
ALTER TABLE `tecno_candidatos`
  ADD PRIMARY KEY (`idcandidato`);

--
-- Indices de la tabla `tecno_can_aptitudes`
--
ALTER TABLE `tecno_can_aptitudes`
  ADD PRIMARY KEY (`idaptitudes`);

--
-- Indices de la tabla `tecno_can_datosgeograficos`
--
ALTER TABLE `tecno_can_datosgeograficos`
  ADD PRIMARY KEY (`iddgeografico`);

--
-- Indices de la tabla `tecno_can_datospersonales`
--
ALTER TABLE `tecno_can_datospersonales`
  ADD PRIMARY KEY (`iddatospersonales`);

--
-- Indices de la tabla `tecno_can_experiencia`
--
ALTER TABLE `tecno_can_experiencia`
  ADD PRIMARY KEY (`idexperiencia`);

--
-- Indices de la tabla `tecno_can_rrss`
--
ALTER TABLE `tecno_can_rrss`
  ADD PRIMARY KEY (`idrrss`);

--
-- Indices de la tabla `tecno_mensajes`
--
ALTER TABLE `tecno_mensajes`
  ADD PRIMARY KEY (`idmensaje`);

--
-- Indices de la tabla `tecno_mensajes_detalles`
--
ALTER TABLE `tecno_mensajes_detalles`
  ADD PRIMARY KEY (`idmensajes`);

--
-- Indices de la tabla `tecno_ranking`
--
ALTER TABLE `tecno_ranking`
  ADD PRIMARY KEY (`idranking`);

--
-- Indices de la tabla `tecno_solicitudes`
--
ALTER TABLE `tecno_solicitudes`
  ADD PRIMARY KEY (`idsolicitud`);

--
-- AUTO_INCREMENT de las tablas volcadas
--

--
-- AUTO_INCREMENT de la tabla `c_usuarios`
--
ALTER TABLE `c_usuarios`
  MODIFY `id` tinyint(3) UNSIGNED NOT NULL AUTO_INCREMENT, AUTO_INCREMENT=16;

--
-- AUTO_INCREMENT de la tabla `mrw_candidatos`
--
ALTER TABLE `mrw_candidatos`
  MODIFY `idcandidatos` int(100) NOT NULL AUTO_INCREMENT, AUTO_INCREMENT=30;

--
-- AUTO_INCREMENT de la tabla `rmw_metadatos`
--
ALTER TABLE `rmw_metadatos`
  MODIFY `idmeta` int(100) NOT NULL AUTO_INCREMENT, AUTO_INCREMENT=4;

--
-- AUTO_INCREMENT de la tabla `rmw_pasos`
--
ALTER TABLE `rmw_pasos`
  MODIFY `idpaso` int(100) NOT NULL AUTO_INCREMENT, AUTO_INCREMENT=7;

--
-- AUTO_INCREMENT de la tabla `rmw_preguntas`
--
ALTER TABLE `rmw_preguntas`
  MODIFY `idpregunta` int(100) NOT NULL AUTO_INCREMENT, AUTO_INCREMENT=97;

--
-- AUTO_INCREMENT de la tabla `rmw_recluta`
--
ALTER TABLE `rmw_recluta`
  MODIFY `id_recluta` int(100) NOT NULL AUTO_INCREMENT, AUTO_INCREMENT=10;

--
-- AUTO_INCREMENT de la tabla `tecno_candidatos`
--
ALTER TABLE `tecno_candidatos`
  MODIFY `idcandidato` int(100) NOT NULL AUTO_INCREMENT, AUTO_INCREMENT=7;

--
-- AUTO_INCREMENT de la tabla `tecno_can_aptitudes`
--
ALTER TABLE `tecno_can_aptitudes`
  MODIFY `idaptitudes` int(100) NOT NULL AUTO_INCREMENT, AUTO_INCREMENT=8;

--
-- AUTO_INCREMENT de la tabla `tecno_can_datosgeograficos`
--
ALTER TABLE `tecno_can_datosgeograficos`
  MODIFY `iddgeografico` int(100) NOT NULL AUTO_INCREMENT, AUTO_INCREMENT=8;

--
-- AUTO_INCREMENT de la tabla `tecno_can_datospersonales`
--
ALTER TABLE `tecno_can_datospersonales`
  MODIFY `iddatospersonales` int(100) NOT NULL AUTO_INCREMENT, AUTO_INCREMENT=8;

--
-- AUTO_INCREMENT de la tabla `tecno_can_experiencia`
--
ALTER TABLE `tecno_can_experiencia`
  MODIFY `idexperiencia` int(100) NOT NULL AUTO_INCREMENT, AUTO_INCREMENT=8;

--
-- AUTO_INCREMENT de la tabla `tecno_can_rrss`
--
ALTER TABLE `tecno_can_rrss`
  MODIFY `idrrss` int(100) NOT NULL AUTO_INCREMENT, AUTO_INCREMENT=8;

--
-- AUTO_INCREMENT de la tabla `tecno_mensajes`
--
ALTER TABLE `tecno_mensajes`
  MODIFY `idmensaje` int(100) NOT NULL AUTO_INCREMENT, AUTO_INCREMENT=13;

--
-- AUTO_INCREMENT de la tabla `tecno_mensajes_detalles`
--
ALTER TABLE `tecno_mensajes_detalles`
  MODIFY `idmensajes` int(11) NOT NULL AUTO_INCREMENT, AUTO_INCREMENT=42;

--
-- AUTO_INCREMENT de la tabla `tecno_ranking`
--
ALTER TABLE `tecno_ranking`
  MODIFY `idranking` int(100) NOT NULL AUTO_INCREMENT, AUTO_INCREMENT=6;

--
-- AUTO_INCREMENT de la tabla `tecno_solicitudes`
--
ALTER TABLE `tecno_solicitudes`
  MODIFY `idsolicitud` int(100) NOT NULL AUTO_INCREMENT, AUTO_INCREMENT=13;
COMMIT;

/*!40101 SET CHARACTER_SET_CLIENT=@OLD_CHARACTER_SET_CLIENT */;
/*!40101 SET CHARACTER_SET_RESULTS=@OLD_CHARACTER_SET_RESULTS */;
/*!40101 SET COLLATION_CONNECTION=@OLD_COLLATION_CONNECTION */;
